InvoiceNo,StockCode,Description,Quantity,InvoiceDate,UnitPrice,CustomerID,Country
540456,48185,DOORMAT FAIRY CAKE,2,2011-01-07 12:14:00,7.95,13534.0,United Kingdom
566891,23013,GLASS APOTHECARY BOTTLE TONIC,4,2011-09-15 13:51:00,3.95,14894.0,United Kingdom
C562139,21313,GLASS HEART T-LIGHT HOLDER ,-4,2011-08-03 10:10:00,0.85,12921.0,United Kingdom
565438,22382,LUNCH BAG SPACEBOY DESIGN ,4,2011-09-04 13:56:00,1.65,17229.0,United Kingdom
566016,21212,PACK OF 72 RETROSPOT CAKE CASES,24,2011-09-08 12:20:00,0.55,15144.0,United Kingdom
557598,22558,CLOTHES PEGS RETROSPOT PACK 24 ,2,2011-06-21 11:33:00,1.65,14667.0,United Kingdom
561704,21533,RETROSPOT LARGE MILK JUG,1,2011-07-29 11:07:00,4.95,14606.0,United Kingdom
581001,22726,ALARM CLOCK BAKELIKE GREEN,24,2011-12-07 08:07:00,3.75,12583.0,France
542890,84865,NEW BAROQUE BLACK PHOTO ALBUM,2,2011-02-01 13:25:00,8.5,15311.0,United Kingdom
573287,21314,SMALL GLASS HEART TRINKET POT,8,2011-10-28 14:42:00,2.1,14194.0,United Kingdom
547909,22151,PLACE SETTING WHITE HEART,10,2011-03-28 12:22:00,0.42,15033.0,United Kingdom
570693,23132,SMALL IVORY HEART WALL ORGANISER,1,2011-10-11 16:50:00,5.75,16161.0,United Kingdom
571441,22107,PIZZA PLATE IN BOX,12,2011-10-17 13:31:00,3.29,14096.0,United Kingdom
556721,21129,SILVER FISHING GNOME ,7,2011-06-14 11:23:00,6.95,15218.0,United Kingdom
580911,22086,PAPER CHAIN KIT 50'S CHRISTMAS ,12,2011-12-06 13:30:00,2.95,14503.0,United Kingdom
550001,47566,PARTY BUNTING,16,2011-04-14 09:28:00,4.95,17704.0,United Kingdom
550811,21669,BLUE STRIPE CERAMIC DRAWER KNOB,24,2011-04-20 16:04:00,1.25,16011.0,United Kingdom
578441,22082,RIBBON REEL STRIPES DESIGN ,5,2011-11-24 12:24:00,1.65,17133.0,United Kingdom
551439,22768,FAMILY PHOTO FRAME CORNICE,2,2011-04-28 15:26:00,9.95,14758.0,United Kingdom
565331,22072,RED RETROSPOT TEA CUP AND SAUCER ,1,2011-09-02 13:59:00,3.75,16674.0,United Kingdom
538012,71477,COLOUR GLASS. STAR T-LIGHT HOLDER,1,2010-12-09 12:32:00,3.25,14527.0,United Kingdom
574154,22840,ROUND CAKE TIN VINTAGE RED,2,2011-11-03 11:32:00,7.95,13709.0,United Kingdom
C563918,23198,PANTRY MAGNETIC  SHOPPING LIST,-1,2011-08-21 13:47:00,1.45,14572.0,United Kingdom
555340,22776,SWEETHEART CAKESTAND 3 TIER,1,2011-06-02 11:33:00,9.95,13334.0,United Kingdom
575128,22507,MEMO BOARD RETROSPOT  DESIGN,4,2011-11-08 14:27:00,4.95,16837.0,United Kingdom
537868,22539,MINI JIGSAW DOLLY GIRL,24,2010-12-08 16:49:00,0.42,12433.0,Norway
560597,85123A,WHITE HANGING HEART T-LIGHT HOLDER,96,2011-07-19 16:54:00,2.55,13798.0,United Kingdom
552555,22179,SET 10 LIGHTS NIGHT OWL,12,2011-05-10 11:20:00,6.75,18242.0,United Kingdom
572216,23388,WOODLAND MINI BACKPACK,2,2011-10-21 12:56:00,4.15,16015.0,United Kingdom
563931,22624,IVORY KITCHEN SCALES,2,2011-08-21 15:49:00,8.5,14895.0,United Kingdom
581166,23494,VINTAGE DOILY DELUXE SEWING KIT ,1,2011-12-07 14:43:00,5.95,15525.0,United Kingdom
573373,84380,SET OF 3 BUTTERFLY COOKIE CUTTERS,1,2011-10-30 13:37:00,1.45,14684.0,United Kingdom
564353,23318,BOX OF 6 MINI VINTAGE CRACKERS,48,2011-08-24 15:08:00,2.08,15764.0,United Kingdom
537463,22191,IVORY DINER WALL CLOCK,2,2010-12-07 10:08:00,8.5,12681.0,France
561695,22951,60 CAKE CASES DOLLY GIRL DESIGN,24,2011-07-29 10:00:00,0.55,14005.0,United Kingdom
538157,22952,60 CAKE CASES VINTAGE CHRISTMAS,6,2010-12-09 16:57:00,0.55,17576.0,United Kingdom
547374,22621,TRADITIONAL KNITTING NANCY,2,2011-03-22 13:54:00,1.45,16110.0,United Kingdom
565846,21408,SPOTTY PINK DUCK DOORSTOP,1,2011-09-07 12:41:00,4.25,14606.0,United Kingdom
567338,22654,DELUXE SEWING KIT ,3,2011-09-19 15:00:00,5.95,14146.0,United Kingdom
C541821,22960,JAM MAKING SET WITH JARS,-2,2011-01-21 16:41:00,4.25,15281.0,United Kingdom
540813,22382,LUNCH BAG SPACEBOY DESIGN ,3,2011-01-11 12:41:00,1.65,14669.0,United Kingdom
538558,22343,PARTY PIZZA DISH RED RETROSPOT,24,2010-12-13 10:58:00,0.21,13069.0,United Kingdom
548511,22367,CHILDRENS APRON SPACEBOY DESIGN,2,2011-03-31 15:43:00,1.95,14056.0,United Kingdom
576300,23343,JUMBO BAG VINTAGE CHRISTMAS ,1,2011-11-14 14:39:00,2.08,15058.0,United Kingdom
564227,22452,MEASURING TAPE BABUSHKA PINK,6,2011-08-24 10:19:00,2.95,15249.0,United Kingdom
551332,35004B,SET OF 3 BLACK FLYING DUCKS,12,2011-04-27 16:23:00,4.65,13078.0,United Kingdom
578927,20713,JUMBO BAG OWLS,3,2011-11-27 12:26:00,2.08,15747.0,United Kingdom
548666,22193,RED DINER WALL CLOCK,1,2011-04-01 14:58:00,8.5,13124.0,United Kingdom
537757,82483,WOOD 2 DRAWER CABINET WHITE FINISH,16,2010-12-08 11:38:00,4.95,17975.0,United Kingdom
569897,22722,SET OF 6 SPICE TINS PANTRY DESIGN,1,2011-10-06 16:01:00,3.95,17813.0,United Kingdom
577855,22286,DECORATION WOBBLY RABBIT METAL ,1,2011-11-22 11:18:00,0.39,15877.0,United Kingdom
576236,22274,FELTCRAFT DOLL EMILY,1,2011-11-14 13:31:00,2.95,13755.0,United Kingdom
554938,21975,PACK OF 60 DINOSAUR CAKE CASES,24,2011-05-27 13:34:00,0.55,12876.0,Belgium
567768,21928,JUMBO BAG SCANDINAVIAN BLUE PAISLEY,10,2011-09-22 11:17:00,2.08,15950.0,United Kingdom
578707,23114,VINTAGE LEAF CHOPPING BOARD  ,1,2011-11-25 11:20:00,4.95,17870.0,United Kingdom
537781,22759,SET OF 3 NOTEBOOKS IN PARCEL,1,2010-12-08 12:46:00,1.65,17341.0,United Kingdom
574671,35471D,SET OF 3 BIRD LIGHT PINK FEATHER ,5,2011-11-06 12:23:00,0.39,16744.0,United Kingdom
575755,23222,CHRISTMAS TREE HANGING GOLD,12,2011-11-11 10:45:00,0.83,17015.0,United Kingdom
572312,21484,CHICK GREY HOT WATER BOTTLE,1,2011-10-23 15:47:00,4.25,15022.0,United Kingdom
574544,23389,SPACEBOY MINI BACKPACK,4,2011-11-04 14:49:00,4.15,17084.0,United Kingdom
562892,21122,SET/10 PINK POLKADOT PARTY CANDLES,24,2011-08-10 12:24:00,1.25,16292.0,United Kingdom
579142,22975,SPACEBOY CHILDRENS EGG CUP,6,2011-11-28 13:06:00,1.25,16744.0,United Kingdom
546028,23006,TRAVEL CARD WALLET FLOWER MEADOW,24,2011-03-09 08:33:00,0.42,17049.0,United Kingdom
568593,23196,VINTAGE LEAF MAGNETIC NOTEPAD,12,2011-09-28 10:54:00,1.45,13988.0,United Kingdom
565067,22419,LIPSTICK PEN RED,5,2011-08-31 17:16:00,0.42,15856.0,United Kingdom
544042,82580,BATHROOM METAL SIGN,2,2011-02-15 11:52:00,0.55,14527.0,United Kingdom
570855,23225,CHERUB HEART DECORATION SILVER ,12,2011-10-12 14:56:00,0.83,17314.0,United Kingdom
552851,23170,REGENCY TEA PLATE ROSES ,48,2011-05-11 15:07:00,1.45,12731.0,France
577063,22866,HAND WARMER SCOTTY DOG DESIGN,12,2011-11-17 14:41:00,2.1,17183.0,United Kingdom
571502,84970L,SINGLE HEART ZINC T-LIGHT HOLDER,12,2011-10-17 15:18:00,1.25,14422.0,United Kingdom
537034,22314,OFFICE MUG WARMER CHOC+BLUE,6,2010-12-03 17:20:00,2.95,13081.0,United Kingdom
569228,22712,CARD DOLLY GIRL ,12,2011-10-02 14:47:00,0.42,15547.0,United Kingdom
C580966,22130,PARTY CONE CHRISTMAS DECORATION ,-1,2011-12-06 14:52:00,0.85,16554.0,United Kingdom
571461,72807B,SET/3 OCEAN SCENT CANDLE JEWEL BOX,1,2011-10-17 14:12:00,4.25,16932.0,United Kingdom
C554336,22431,WATERING CAN BLUE ELEPHANT,-1,2011-05-23 17:20:00,1.95,12474.0,Germany
568896,22886,NUMBER TILE VINTAGE FONT 7,2,2011-09-29 13:13:00,1.95,16361.0,United Kingdom
577485,23309,SET OF 60 I LOVE LONDON CAKE CASES ,2,2011-11-20 11:56:00,0.55,16360.0,United Kingdom
558195,85099B,JUMBO BAG RED RETROSPOT,10,2011-06-27 12:32:00,2.08,17735.0,United Kingdom
570675,22427,ENAMEL FLOWER JUG CREAM,3,2011-10-11 15:03:00,5.95,13690.0,United Kingdom
577951,23100,SILVER BELLS TABLE DECORATION,1,2011-11-22 12:09:00,1.25,17238.0,United Kingdom
569844,22745,POPPY'S PLAYHOUSE BEDROOM ,6,2011-10-06 13:30:00,2.1,12626.0,Germany
578244,23206,LUNCH BAG APPLE DESIGN,10,2011-11-23 12:36:00,1.65,15727.0,United Kingdom
537421,22187,GREEN CHRISTMAS TREE CARD HOLDER,1,2010-12-06 15:25:00,4.25,17218.0,United Kingdom
576062,22279,POCKET BAG BLUE PAISLEY RED SPOT,12,2011-11-13 15:30:00,1.25,12867.0,United Kingdom
545815,47590B,PINK HAPPY BIRTHDAY BUNTING,6,2011-03-07 12:26:00,5.45,14012.0,United Kingdom
570197,22510,GINGHAM BABUSHKA DOORSTOP,7,2011-10-07 15:45:00,3.75,13755.0,United Kingdom
554134,23280,FOLDING BUTTERFLY MIRROR HOT PINK ,24,2011-05-23 09:48:00,0.83,12583.0,France
541253,21733,RED HANGING HEART T-LIGHT HOLDER,2,2011-01-16 13:51:00,2.95,17841.0,United Kingdom
545468,22178,VICTORIAN GLASS HANGING T-LIGHT,12,2011-03-03 09:41:00,1.25,16571.0,United Kingdom
561068,84949,SILVER HANGING T-LIGHT HOLDER,12,2011-07-24 14:33:00,1.65,13116.0,United Kingdom
577806,22138,BAKING SET 9 PIECE RETROSPOT ,3,2011-11-22 08:20:00,4.95,12963.0,United Kingdom
570211,22573,STAR WOODEN CHRISTMAS DECORATION,1,2011-10-09 11:15:00,0.85,13558.0,United Kingdom
580539,22075,6 RIBBONS ELEGANT CHRISTMAS ,24,2011-12-05 08:39:00,0.39,18180.0,United Kingdom
549017,21843,RED RETROSPOT CAKE STAND,2,2011-04-05 15:20:00,10.95,15145.0,United Kingdom
556127,22652,TRAVEL SEWING KIT,10,2011-06-09 10:23:00,1.65,12406.0,Denmark
574657,23510,MINI PLAYING CARDS GYMKHANA,2,2011-11-06 11:43:00,0.42,13772.0,United Kingdom
548312,22917,HERB MARKER ROSEMARY,2,2011-03-30 12:12:00,0.65,16059.0,United Kingdom
556107,90204,PAIR OF ENAMEL BUTTERFLY HAIRCLIP,1,2011-06-08 17:09:00,3.35,17360.0,United Kingdom
573019,20983,12 PENCILS TALL TUBE RED RETROSPOT,12,2011-10-27 12:33:00,0.85,15145.0,United Kingdom
574678,22382,LUNCH BAG SPACEBOY DESIGN ,10,2011-11-06 12:36:00,1.65,13365.0,United Kingdom
580727,22488,NATURAL SLATE RECTANGLE CHALKBOARD,1,2011-12-05 17:17:00,3.29,14096.0,United Kingdom
575740,20750,RED RETROSPOT MINI CASES,2,2011-11-11 09:25:00,7.95,18130.0,United Kingdom
580632,35970,ZINC FOLKART SLEIGH BELLS,3,2011-12-05 12:16:00,1.69,16360.0,United Kingdom
575852,85036B,CHOCOLATE 1 WICK MORRIS BOX CANDLE,6,2011-11-11 12:17:00,1.25,17238.0,United Kingdom
575692,20975,12 PENCILS SMALL TUBE RED RETROSPOT,5,2011-11-10 16:27:00,0.65,12508.0,France
574738,23169,CLASSIC GLASS COOKIE JAR,1,2011-11-06 16:01:00,4.15,12748.0,United Kingdom
576099,21108,FAIRY CAKE FLANNEL ASSORTED COLOUR,18,2011-11-14 10:28:00,0.79,13021.0,United Kingdom
576406,16156S,WRAP PINK FAIRY CAKES ,25,2011-11-15 11:17:00,0.42,13692.0,United Kingdom
577700,21616,4 PEAR BOTANICAL DINNER CANDLES,3,2011-11-21 12:06:00,1.25,14449.0,United Kingdom
560209,21716,BOYS VINTAGE TIN SEASIDE BUCKET,2,2011-07-15 14:05:00,2.55,15004.0,United Kingdom
546830,21974,SET OF 36 PAISLEY FLOWER DOILIES,12,2011-03-17 12:10:00,1.45,16839.0,United Kingdom
557758,22233,JIGSAW RABBIT AND BIRDHOUSE,1,2011-06-22 13:28:00,0.59,17585.0,United Kingdom
541987,21446,12 RED ROSE PEG PLACE SETTINGS,2,2011-01-24 16:05:00,1.25,14130.0,United Kingdom
575965,22713,CARD I LOVE LONDON ,12,2011-11-13 12:32:00,0.42,13426.0,United Kingdom
558568,22846,BREAD BIN DINER STYLE RED ,1,2011-06-30 14:37:00,16.95,16316.0,United Kingdom
555399,22147,FELTCRAFT BUTTERFLY HEARTS,3,2011-06-02 17:41:00,1.45,15555.0,United Kingdom
579749,22644,CERAMIC CHERRY CAKE MONEY BANK,12,2011-11-30 14:41:00,1.45,13362.0,United Kingdom
561661,47343A,FUSCHIA FLOWER PURSE WITH BEADS,1,2011-07-28 16:21:00,0.83,12743.0,Unspecified
564846,23263,SET OF 3 WOODEN HEART DECORATIONS,12,2011-08-30 15:16:00,1.25,14507.0,United Kingdom
571883,21807,WHITE CHRISTMAS STAR DECORATION,1,2011-10-19 13:58:00,0.42,14704.0,United Kingdom
557861,21114,LAVENDER SCENTED FABRIC HEART,10,2011-06-23 12:13:00,1.25,13437.0,United Kingdom
C562022,22960,JAM MAKING SET WITH JARS,-2,2011-08-01 15:39:00,3.75,17389.0,United Kingdom
580727,22123,PING MICROWAVE APRON,2,2011-12-05 17:17:00,4.13,14096.0,United Kingdom
542107,84992,72 SWEETHEART FAIRY CAKE CASES,1,2011-01-25 13:38:00,0.55,16222.0,United Kingdom
568833,23103,JINGLE BELL HEART DECORATION,24,2011-09-29 11:39:00,1.65,17348.0,United Kingdom
556784,21678,PAISLEY PATTERN  STICKERS,6,2011-06-14 13:15:00,0.85,14461.0,United Kingdom
C543475,22244,3 HOOK HANGER MAGIC GARDEN,-1,2011-02-08 15:15:00,1.95,14415.0,United Kingdom
579267,22698,PINK REGENCY TEACUP AND SAUCER,6,2011-11-29 09:42:00,2.95,14961.0,United Kingdom
555931,23147,SINGLE ANTIQUE ROSE HOOK IVORY,12,2011-06-08 08:31:00,1.45,17828.0,Malta
541658,22753,SMALL YELLOW BABUSHKA NOTEBOOK ,3,2011-01-20 12:16:00,0.85,15529.0,United Kingdom
540187,84380,SET OF 3 BUTTERFLY COOKIE CUTTERS,12,2011-01-05 13:53:00,1.25,15358.0,United Kingdom
575194,20971,PINK BLUE FELT CRAFT TRINKET BOX,12,2011-11-09 09:38:00,1.25,16767.0,United Kingdom
576062,20975,12 PENCILS SMALL TUBE RED RETROSPOT,3,2011-11-13 15:30:00,0.65,12867.0,United Kingdom
573588,22195,LARGE HEART MEASURING SPOONS,12,2011-10-31 15:01:00,1.65,12588.0,Finland
580502,22422,TOOTHPASTE TUBE PEN,12,2011-12-04 13:15:00,0.12,16931.0,United Kingdom
574714,21790,VINTAGE SNAP CARDS,3,2011-11-06 14:29:00,0.85,15427.0,United Kingdom
569521,21163,DO NOT TOUCH MY STUFF DOOR HANGER ,1,2011-10-04 14:33:00,0.39,16474.0,United Kingdom
566451,23129,HEART SHAPED HOLLY WREATH,2,2011-09-12 16:14:00,4.15,18069.0,United Kingdom
564729,21977,PACK OF 60 PINK PAISLEY CAKE CASES,3,2011-08-28 12:44:00,0.55,13137.0,United Kingdom
576677,23581,JUMBO BAG PAISLEY PARK,6,2011-11-16 12:03:00,2.08,16393.0,United Kingdom
548616,21983,PACK OF 12 BLUE PAISLEY TISSUES ,24,2011-04-01 11:48:00,0.29,18263.0,United Kingdom
554073,22418,10 COLOUR SPACEBOY PEN,24,2011-05-22 11:26:00,0.85,17007.0,United Kingdom
545227,21932,SCANDINAVIAN PAISLEY PICNIC BAG,5,2011-03-01 09:35:00,2.95,12428.0,Finland
578016,22077,6 RIBBONS RUSTIC CHARM,6,2011-11-22 13:02:00,1.95,14506.0,United Kingdom
C567902,22382,LUNCH BAG SPACEBOY DESIGN ,-1,2011-09-22 16:29:00,1.65,15555.0,United Kingdom
553505,23080,RED METAL BOX TOP SECRET,2,2011-05-17 13:27:00,8.25,12949.0,United Kingdom
540907,20711,JUMBO BAG TOYS ,10,2011-01-12 11:52:00,1.95,13488.0,United Kingdom
537362,22630,DOLLY GIRL LUNCH BOX,1,2010-12-06 12:34:00,1.95,17596.0,United Kingdom
575846,22745,POPPY'S PLAYHOUSE BEDROOM ,2,2011-11-11 12:07:00,2.1,17364.0,United Kingdom
537176,22553,PLASTERS IN TIN SKULLS,4,2010-12-05 13:26:00,1.65,16411.0,United Kingdom
548655,22423,REGENCY CAKESTAND 3 TIER,1,2011-04-01 13:47:00,12.75,15605.0,United Kingdom
563555,23335,EGG FRYING PAN IVORY ,1,2011-08-17 13:21:00,2.08,16755.0,United Kingdom
568895,21901,"KEY FOB , BACK DOOR ",5,2011-09-29 13:11:00,0.65,15356.0,United Kingdom
568645,23108,SET OF 10 LED DOLLY LIGHTS,2,2011-09-28 11:38:00,6.25,12656.0,France
541241,21389,IVORY HANGING DECORATION  BIRD,4,2011-01-16 11:08:00,0.85,13782.0,United Kingdom
552269,22917,HERB MARKER ROSEMARY,1,2011-05-08 11:52:00,0.65,16121.0,United Kingdom
539728,85177,BASKET OF FLOWERS SEWING KIT,12,2010-12-21 14:26:00,0.85,16270.0,United Kingdom
543367,85049C,ROMANTIC PINKS RIBBONS ,12,2011-02-07 14:33:00,1.25,18225.0,United Kingdom
547805,22325,MOBILE VINTAGE HEARTS ,3,2011-03-25 13:35:00,4.95,13327.0,United Kingdom
547962,21843,RED RETROSPOT CAKE STAND,1,2011-03-28 15:38:00,10.95,12957.0,United Kingdom
544277,17038,PORCELAIN BUDAH INCENSE HOLDER,100,2011-02-17 11:58:00,0.1,13718.0,United Kingdom
567505,22617,BAKING SET SPACEBOY DESIGN,3,2011-09-20 14:34:00,4.95,12352.0,Norway
549056,22699,ROSES REGENCY TEACUP AND SAUCER ,4,2011-04-06 10:40:00,2.95,15917.0,United Kingdom
540458,22746,POPPY'S PLAYHOUSE LIVINGROOM ,6,2011-01-07 12:28:00,2.1,12501.0,Germany
558628,23290,SPACEBOY CHILDRENS BOWL,8,2011-06-30 17:59:00,1.25,12626.0,Germany
569714,21934,SKULL SHOULDER BAG,1,2011-10-05 17:28:00,1.65,18033.0,United Kingdom
543107,22261,FELT EGG COSY WHITE RABBIT ,12,2011-02-03 12:27:00,0.85,13800.0,United Kingdom
542591,84078A,SET/4 WHITE RETRO STORAGE CUBES ,3,2011-01-28 16:42:00,39.95,13089.0,United Kingdom
567184,23247,BISCUIT TIN 50'S CHRISTMAS,2,2011-09-18 15:41:00,2.89,16033.0,United Kingdom
567475,22352,LUNCH BOX WITH CUTLERY RETROSPOT ,1,2011-09-20 13:11:00,2.55,16360.0,United Kingdom
556879,22560,TRADITIONAL MODELLING CLAY,1,2011-06-15 12:07:00,1.25,16461.0,United Kingdom
551533,20674,GREEN POLKADOT BOWL,2,2011-05-01 14:58:00,1.25,15407.0,United Kingdom
557572,21499,BLUE POLKADOT WRAP,100,2011-06-21 10:55:00,0.42,15061.0,United Kingdom
578151,23495,SET OF 3 PANTRY WOODEN SPOONS,12,2011-11-23 11:18:00,1.25,16020.0,United Kingdom
542887,21931,JUMBO STORAGE BAG SUKI,20,2011-02-01 13:10:00,1.95,12373.0,Austria
C557648,22197,POPCORN HOLDER,-3,2011-06-21 17:14:00,0.72,17677.0,United Kingdom
562688,22210,WOOD STAMP SET BEST WISHES,4,2011-08-08 13:53:00,0.83,13869.0,United Kingdom
554096,21747,SMALL SKULL WINDMILL,24,2011-05-22 12:51:00,1.25,14921.0,United Kingdom
578926,22940,FELTCRAFT CHRISTMAS FAIRY,1,2011-11-27 12:24:00,4.25,18156.0,United Kingdom
568165,85123A,WHITE HANGING HEART T-LIGHT HOLDER,6,2011-09-25 12:42:00,2.95,17131.0,United Kingdom
578707,84510A,SET OF 4 ENGLISH ROSE COASTERS,2,2011-11-25 11:20:00,1.25,17870.0,United Kingdom
567912,23322,LARGE WHITE HEART OF WICKER,1,2011-09-22 17:07:00,2.95,15555.0,United Kingdom
554917,22855,FINE WICKER HEART ,12,2011-05-27 12:29:00,1.25,15104.0,United Kingdom
574677,22798,ANTIQUE GLASS DRESSING TABLE POT,2,2011-11-06 12:32:00,2.95,16445.0,United Kingdom
575324,21533,RETROSPOT LARGE MILK JUG,9,2011-11-09 13:45:00,4.95,14240.0,United Kingdom
546678,22312,OFFICE MUG WARMER POLKADOT,6,2011-03-15 16:39:00,2.95,12681.0,France
545701,22633,HAND WARMER UNION JACK,4,2011-03-06 15:17:00,2.1,17107.0,United Kingdom
561025,22412,METAL SIGN NEIGHBOURHOOD WITCH ,1,2011-07-24 10:37:00,2.1,16241.0,United Kingdom
547772,84916,HAND TOWEL PALE BLUE W FLOWERS,2,2011-03-25 11:34:00,5.95,17979.0,United Kingdom
547920,84978,HANGING HEART JAR T-LIGHT HOLDER,3,2011-03-28 12:52:00,1.25,14730.0,United Kingdom
539044,22878,NUMBER TILE COTTAGE GARDEN No,10,2010-12-15 15:47:00,2.1,15727.0,United Kingdom
580974,21507,ELEPHANT BIRTHDAY CARD ,12,2011-12-06 15:17:00,0.42,14293.0,United Kingdom
536846,22502,PICNIC BASKET WICKER SMALL,1,2010-12-02 19:59:00,5.95,14573.0,United Kingdom
564342,22570,FELTCRAFT CUSHION RABBIT,1,2011-08-24 14:53:00,3.75,16340.0,United Kingdom
561713,22966,GINGERBREAD MAN COOKIE CUTTER,78,2011-07-29 11:56:00,1.25,12901.0,United Kingdom
542617,85035A,GARDENIA 3 WICK MORRIS BOXED CANDLE,1,2011-01-30 15:48:00,4.25,17463.0,United Kingdom
546531,22270,HAPPY EASTER HANGING DECORATION,4,2011-03-14 13:35:00,3.75,15738.0,United Kingdom
548868,22509,SEWING BOX RETROSPOT DESIGN ,1,2011-04-04 14:28:00,16.95,13015.0,United Kingdom
568589,21428,SET3 BOOK BOX GREEN GINGHAM FLOWER ,4,2011-09-28 10:27:00,4.25,17405.0,United Kingdom
569327,22548,HEADS AND TAILS SPORTING FUN,12,2011-10-03 12:47:00,1.25,15091.0,United Kingdom
567526,22625,RED KITCHEN SCALES,48,2011-09-21 09:06:00,7.65,12435.0,Denmark
567853,22970,LONDON BUS COFFEE MUG,6,2011-09-22 13:31:00,2.55,15484.0,United Kingdom
564355,47566,PARTY BUNTING,4,2011-08-24 15:12:00,4.95,13507.0,United Kingdom
568301,21232,STRAWBERRY CERAMIC TRINKET BOX,1,2011-09-26 12:45:00,1.25,16383.0,United Kingdom
573380,23329,DECORATIVE WICKER HEART LARGE,2,2011-10-30 14:04:00,1.65,14572.0,United Kingdom
563730,22297,HEART IVORY TRELLIS SMALL,24,2011-08-18 17:43:00,1.25,14221.0,United Kingdom
566213,22086,PAPER CHAIN KIT 50'S CHRISTMAS ,18,2011-09-09 15:09:00,2.95,14895.0,United Kingdom
560239,21442,GREEN BIRDHOUSE DECORATION,12,2011-07-17 11:50:00,0.85,13507.0,United Kingdom
567166,82582,AREA PATROLLED METAL SIGN,12,2011-09-18 12:15:00,2.1,13078.0,United Kingdom
540839,22241,GARLAND WOODEN HAPPY EASTER,3,2011-01-11 15:42:00,1.25,16791.0,United Kingdom
547063,82578,KITCHEN METAL SIGN,2,2011-03-20 13:33:00,0.55,14769.0,United Kingdom
550785,17084J,LOVE POTION MASALA INCENSE,25,2011-04-20 14:02:00,0.21,15517.0,United Kingdom
538473,85152,HAND OVER THE CHOCOLATE   SIGN ,4,2010-12-12 12:35:00,2.1,13668.0,United Kingdom
550152,22302,COFFEE MUG PEARS  DESIGN,4,2011-04-14 14:43:00,2.55,17362.0,United Kingdom
572893,22252,BIRDCAGE DECORATION TEALIGHT HOLDER,12,2011-10-26 14:36:00,1.25,18059.0,United Kingdom
577025,21098,CHRISTMAS TOILET ROLL,12,2011-11-17 12:54:00,1.25,16161.0,United Kingdom
555851,22907,PACK OF 20 NAPKINS PANTRY DESIGN,2,2011-06-07 13:37:00,0.85,13050.0,United Kingdom
546563,22911,PAPER CHAIN KIT LONDON,6,2011-03-15 10:49:00,2.95,15047.0,United Kingdom
578757,21429,RED GINGHAM ROSE JEWELLERY BOX,2,2011-11-25 11:41:00,1.95,12748.0,United Kingdom
578289,85053,FRENCH ENAMEL CANDLEHOLDER,4,2011-11-23 14:07:00,2.1,17841.0,United Kingdom
C578832,21972,SET OF 36 DINOSAUR PAPER DOILIES,-1,2011-11-25 15:18:00,1.45,13069.0,United Kingdom
577052,22372,AIRLINE BAG VINTAGE WORLD CHAMPION ,1,2011-11-17 14:08:00,4.25,17397.0,United Kingdom
551289,21746,SMALL RED RETROSPOT WINDMILL,96,2011-04-27 14:18:00,1.06,18226.0,United Kingdom
559552,22531,MAGIC DRAWING SLATE CIRCUS PARADE  ,2,2011-07-10 16:29:00,0.42,16014.0,United Kingdom
541784,22721,SET OF 3 CAKE TINS SKETCHBOOK,4,2011-01-21 12:37:00,4.95,17277.0,United Kingdom
563844,84600,NEW BAROQUE JEWELLERY BOX ,2,2011-08-19 14:04:00,7.95,17725.0,United Kingdom
566282,22158,3 HEARTS HANGING DECORATION RUSTIC,24,2011-09-11 14:29:00,2.95,15782.0,United Kingdom
567878,23197,SKETCHBOOK MAGNETIC SHOPPING LIST,2,2011-09-22 14:42:00,1.45,16910.0,United Kingdom
575756,23322,LARGE WHITE HEART OF WICKER,1,2011-11-11 10:48:00,2.95,18118.0,United Kingdom
545231,22969,HOMEMADE JAM SCENTED CANDLES,12,2011-03-01 10:08:00,1.45,15194.0,United Kingdom
569367,22119,PEACE WOODEN BLOCK LETTERS,1,2011-10-03 15:28:00,6.95,13994.0,United Kingdom
580727,21791,VINTAGE HEADS AND TAILS CARD GAME ,1,2011-12-05 17:17:00,2.46,14096.0,United Kingdom
539049,20719,WOODLAND CHARLOTTE BAG,10,2010-12-15 16:21:00,0.85,15615.0,United Kingdom
541524,22934,BAKING MOULD EASTER EGG WHITE CHOC,6,2011-01-19 10:49:00,2.95,17091.0,United Kingdom
563328,82578,KITCHEN METAL SIGN,1,2011-08-15 13:07:00,0.55,14606.0,United Kingdom
558470,21428,SET3 BOOK BOX GREEN GINGHAM FLOWER ,4,2011-06-29 15:33:00,4.25,16801.0,United Kingdom
547496,21326,AGED GLASS SILVER T-LIGHT HOLDER,12,2011-03-23 12:13:00,0.65,18075.0,United Kingdom
568176,85015,SET OF 12  VINTAGE POSTCARD SET,24,2011-09-25 13:25:00,0.65,12685.0,France
578270,22614,PACK OF 12 SPACEBOY TISSUES,1,2011-11-23 13:39:00,0.83,14096.0,United Kingdom
566631,23240,SET OF 4 KNICK KNACK TINS DOILEY ,6,2011-09-14 10:34:00,4.15,15622.0,United Kingdom
540399,84792,ENCHANTED BIRD COATHANGER 5 HOOK,2,2011-01-07 09:23:00,4.65,14047.0,United Kingdom
550831,21955,DOORMAT UNION JACK GUNS AND ROSES,2,2011-04-21 10:29:00,7.95,13534.0,United Kingdom
563924,21916,SET 12 RETRO WHITE CHALK STICKS,4,2011-08-21 14:32:00,0.42,15984.0,United Kingdom
561694,22558,CLOTHES PEGS RETROSPOT PACK 24 ,12,2011-07-29 09:57:00,1.65,16147.0,United Kingdom
548698,22217,T-LIGHT HOLDER HANGING LACE,3,2011-04-03 10:55:00,1.25,18109.0,United Kingdom
574898,22382,LUNCH BAG SPACEBOY DESIGN ,20,2011-11-07 15:07:00,1.65,16242.0,United Kingdom
569423,22791,T-LIGHT GLASS FLUTED ANTIQUE,12,2011-10-04 10:42:00,1.25,16882.0,United Kingdom
575583,23300,GARDENERS KNEELING PAD CUP OF TEA ,1,2011-11-10 11:55:00,1.65,14456.0,United Kingdom
556415,85099B,JUMBO BAG RED RETROSPOT,50,2011-06-10 12:19:00,2.08,12409.0,Switzerland
571105,23398,HANGING HEART BONHEUR,2,2011-10-13 16:01:00,0.85,17614.0,United Kingdom
C549824,22698,PINK REGENCY TEACUP AND SAUCER,-1,2011-04-12 12:43:00,2.95,15189.0,United Kingdom
555547,POST,POSTAGE,4,2011-06-05 13:13:00,18.0,12681.0,France
578266,21165,BEWARE OF THE CAT METAL SIGN ,1,2011-11-23 13:34:00,1.69,12748.0,United Kingdom
567097,21484,CHICK GREY HOT WATER BOTTLE,4,2011-09-16 13:23:00,4.25,13323.0,United Kingdom
562558,22352,LUNCH BOX WITH CUTLERY RETROSPOT ,2,2011-08-05 16:43:00,2.55,13451.0,United Kingdom
579089,23154,SET OF 4 JAM JAR MAGNETS,2,2011-11-28 10:46:00,2.08,17920.0,United Kingdom
577155,84596F,SMALL MARSHMALLOWS PINK BOWL,16,2011-11-18 09:56:00,0.42,13050.0,United Kingdom
573576,22138,BAKING SET 9 PIECE RETROSPOT ,4,2011-10-31 14:09:00,10.79,14096.0,United Kingdom
540954,85129C,BEADED CRYSTAL HEART BLUE SMALL,5,2011-01-12 13:19:00,1.25,14606.0,United Kingdom
542401,22560,TRADITIONAL MODELLING CLAY,12,2011-01-27 15:51:00,1.25,14541.0,United Kingdom
576592,23301,GARDENERS KNEELING PAD KEEP CALM ,2,2011-11-15 14:47:00,1.65,13614.0,United Kingdom
566016,22729,ALARM CLOCK BAKELIKE ORANGE,4,2011-09-08 12:20:00,3.75,15144.0,United Kingdom
569220,21975,PACK OF 60 DINOSAUR CAKE CASES,2,2011-10-02 13:26:00,0.55,16007.0,United Kingdom
551194,21713,CITRONELLA CANDLE FLOWERPOT,4,2011-04-27 11:12:00,2.1,14606.0,United Kingdom
554487,21866,UNION JACK FLAG LUGGAGE TAG,1,2011-05-24 13:27:00,1.25,16919.0,United Kingdom
569735,POST,POSTAGE,2,2011-10-06 10:34:00,15.0,14646.0,Netherlands
556247,22149,FELTCRAFT 6 FLOWER FRIENDS,15,2011-06-09 16:16:00,2.1,15058.0,United Kingdom
569692,84755,COLOUR GLASS T-LIGHT HOLDER HANGING,16,2011-10-05 15:17:00,0.65,14389.0,United Kingdom
542891,82494L,WOODEN FRAME ANTIQUE WHITE ,48,2011-02-01 13:26:00,2.55,16705.0,United Kingdom
565491,23318,BOX OF 6 MINI VINTAGE CRACKERS,48,2011-09-05 11:41:00,2.08,13881.0,United Kingdom
548337,22722,SET OF 6 SPICE TINS PANTRY DESIGN,2,2011-03-30 14:06:00,3.95,18198.0,United Kingdom
580880,23310,BUBBLEGUM RING ASSORTED,36,2011-12-06 12:19:00,0.42,14121.0,United Kingdom
555158,22697,GREEN REGENCY TEACUP AND SAUCER,6,2011-06-01 08:38:00,2.95,14842.0,United Kingdom
537825,20723,STRAWBERRY CHARLOTTE BAG,10,2010-12-08 14:36:00,0.85,15005.0,United Kingdom
566427,22667,RECIPE BOX RETROSPOT ,1,2011-09-12 14:24:00,2.95,17433.0,United Kingdom
566539,22998,TRAVEL CARD WALLET KEEP CALM,8,2011-09-13 11:34:00,0.42,17228.0,United Kingdom
541648,84509C,SET OF 4 POLKADOT PLACEMATS ,2,2011-01-20 11:15:00,3.75,17811.0,United Kingdom
579122,22593,CHRISTMAS GINGHAM STAR,48,2011-11-28 12:05:00,0.85,12971.0,United Kingdom
581168,22313,OFFICE MUG WARMER PINK,12,2011-12-07 14:52:00,1.25,16779.0,United Kingdom
C540393,71477,COLOUR GLASS. STAR T-LIGHT HOLDER,-1,2011-01-06 18:08:00,3.25,17428.0,United Kingdom
546856,22525,CHILDRENS GARDEN GLOVES PINK,10,2011-03-17 14:12:00,1.25,15433.0,United Kingdom
539294,21110,LARGE CAKE TOWEL PINK SPOTS,1,2010-12-16 16:45:00,6.75,15532.0,United Kingdom
578020,21592,RETROSPOT CIGAR BOX MATCHES ,1,2011-11-22 13:20:00,1.25,16979.0,United Kingdom
537754,47567B,TEA TIME KITCHEN APRON,1,2010-12-08 11:16:00,5.95,16081.0,United Kingdom
559668,22908,PACK OF 20 NAPKINS RED APPLES,12,2011-07-11 13:40:00,0.85,13394.0,United Kingdom
544809,21621,VINTAGE UNION JACK BUNTING,1,2011-02-23 15:41:00,8.5,16692.0,United Kingdom
580396,21109,LARGE CAKE TOWEL CHOCOLATE SPOTS,1,2011-12-04 11:00:00,1.95,13838.0,United Kingdom
569136,23184,BULL DOG BOTTLE OPENER,1,2011-09-30 14:41:00,4.95,15834.0,United Kingdom
554362,21930,JUMBO STORAGE BAG SKULLS,10,2011-05-24 10:17:00,2.08,17811.0,United Kingdom
565473,23200,JUMBO BAG PEARS,10,2011-09-05 10:27:00,2.08,16717.0,United Kingdom
552108,21975,PACK OF 60 DINOSAUR CAKE CASES,1,2011-05-06 11:36:00,0.55,17841.0,United Kingdom
559133,23009,I LOVE LONDON BABY GIFT SET,1,2011-07-06 13:13:00,16.95,17861.0,United Kingdom
579399,85071A,BLUE CHARLIE+LOLA PERSONAL DOORSIGN,1,2011-11-29 12:09:00,0.39,13137.0,United Kingdom
577740,22865,HAND WARMER OWL DESIGN,3,2011-11-21 13:36:00,2.1,17625.0,United Kingdom
572755,23189,SET OF 12 FORK CANDLES,1,2011-10-25 17:31:00,2.89,13601.0,United Kingdom
541122,16161P,WRAP ENGLISH ROSE ,25,2011-01-14 09:23:00,0.42,12708.0,Germany
574589,22890,NOVELTY BISCUITS CAKE STAND 3 TIER,1,2011-11-06 10:33:00,9.95,15017.0,United Kingdom
563572,22564,ALPHABET STENCIL CRAFT,3,2011-08-17 15:00:00,1.25,16734.0,United Kingdom
580873,23293,SET OF 12 FAIRY CAKE BAKING CASES,256,2011-12-06 12:06:00,0.72,15061.0,United Kingdom
578305,85014B,RED RETROSPOT UMBRELLA,15,2011-11-23 15:44:00,4.95,14088.0,United Kingdom
562928,23077,DOUGHNUT LIP GLOSS ,20,2011-08-10 15:29:00,1.25,15494.0,United Kingdom
563377,23254,CHILDRENS CUTLERY DOLLY GIRL ,3,2011-08-16 10:44:00,4.15,15002.0,United Kingdom
570410,21394,RED POLKADOT BEAKER ,6,2011-10-10 13:04:00,0.39,16776.0,United Kingdom
567462,23349,ROLL WRAP VINTAGE CHRISTMAS,2,2011-09-20 12:35:00,1.25,14446.0,United Kingdom
572767,22998,TRAVEL CARD WALLET KEEP CALM,48,2011-10-26 10:11:00,0.42,17865.0,United Kingdom
581193,22644,CERAMIC CHERRY CAKE MONEY BANK,1,2011-12-07 17:05:00,0.39,17097.0,Spain
543111,85123A,WHITE HANGING HEART T-LIGHT HOLDER,2,2011-02-03 12:44:00,2.95,15719.0,United Kingdom
536609,21071,VINTAGE BILLBOARD DRINK ME MUG,6,2010-12-02 09:41:00,1.06,17850.0,United Kingdom
577545,21868,POTTING SHED TEA MUG,3,2011-11-20 14:43:00,1.65,16931.0,United Kingdom
575602,23436,VINTAGE CHRISTMAS GIFT BAG LARGE ,20,2011-11-10 12:27:00,1.25,17059.0,United Kingdom
539459,21137,BLACK RECORD COVER FRAME,11,2010-12-17 17:33:00,3.75,12839.0,United Kingdom
563498,85049C,ROMANTIC PINKS RIBBONS ,12,2011-08-16 16:17:00,1.25,17719.0,United Kingdom
553229,21239,PINK  POLKADOT CUP,8,2011-05-16 10:50:00,0.85,15039.0,United Kingdom
570839,37479P,CUBIC MUG FLOCK PINK ON BROWN,6,2011-10-12 14:08:00,0.39,14911.0,EIRE
576857,21832,CHOCOLATE CALCULATOR,1,2011-11-16 15:52:00,1.65,12748.0,United Kingdom
559928,23109,LED TEA LIGHTS,12,2011-07-14 08:52:00,2.89,12405.0,Finland
561043,85123A,WHITE HANGING HEART T-LIGHT HOLDER,20,2011-07-24 12:20:00,2.95,15708.0,United Kingdom
536532,22962,JAM JAR WITH PINK LID,12,2010-12-01 13:24:00,0.85,12433.0,Norway
565088,21232,STRAWBERRY CERAMIC TRINKET BOX,12,2011-09-01 10:11:00,1.25,16145.0,United Kingdom
576593,22809,SET OF 6 T-LIGHTS SANTA,1,2011-11-15 14:48:00,2.95,15720.0,United Kingdom
536796,21430,SET/3 RED GINGHAM ROSE STORAGE BOX,2,2010-12-02 15:46:00,3.75,15574.0,United Kingdom
551958,22683,FRENCH BLUE METAL DOOR SIGN 8,10,2011-05-05 12:37:00,1.25,13883.0,United Kingdom
561678,22252,BIRDCAGE DECORATION TEALIGHT HOLDER,66,2011-07-28 18:33:00,1.06,17931.0,United Kingdom
572521,22593,CHRISTMAS GINGHAM STAR,12,2011-10-24 15:19:00,0.85,15844.0,United Kingdom
575866,23084,RABBIT NIGHT LIGHT,96,2011-11-11 12:41:00,1.79,16107.0,United Kingdom
554083,20969,RED FLORAL FELTCRAFT SHOULDER BAG,2,2011-05-22 11:51:00,3.75,18125.0,United Kingdom
C567689,85048,15CM CHRISTMAS GLASS BALL 20 LIGHTS,-1,2011-09-21 16:49:00,6.95,17434.0,United Kingdom
544484,85152,HAND OVER THE CHOCOLATE   SIGN ,12,2011-02-21 11:10:00,2.1,15321.0,United Kingdom
581164,21592,RETROSPOT CIGAR BOX MATCHES ,9,2011-12-07 14:34:00,0.39,14395.0,United Kingdom
577669,23166,MEDIUM CERAMIC TOP STORAGE JAR,96,2011-11-21 10:48:00,1.04,15567.0,United Kingdom
559017,22576,SWALLOW WOODEN CHRISTMAS DECORATION,48,2011-07-05 13:06:00,0.85,14034.0,United Kingdom
580162,21584,RETROSPOT SMALL TUBE MATCHES,1,2011-12-02 10:52:00,1.65,12856.0,United Kingdom
566967,22141,CHRISTMAS CRAFT TREE TOP ANGEL,6,2011-09-15 18:05:00,2.1,16746.0,United Kingdom
572028,23209,LUNCH BAG VINTAGE DOILY ,10,2011-10-20 11:47:00,1.65,15296.0,United Kingdom
556681,22384,LUNCH BAG PINK POLKADOT,10,2011-06-14 09:41:00,1.65,12826.0,United Kingdom
561331,84991,60 TEATIME FAIRY CAKE CASES,5,2011-07-26 14:24:00,0.55,16809.0,United Kingdom
576842,23084,RABBIT NIGHT LIGHT,24,2011-11-16 15:31:00,1.79,13599.0,United Kingdom
573167,21824,PAINTED METAL STAR WITH HOLLY BELLS,48,2011-10-28 09:29:00,0.39,18287.0,United Kingdom
553199,15044B,BLUE PAPER PARASOL ,1,2011-05-15 15:13:00,2.95,17758.0,United Kingdom
552273,22727,ALARM CLOCK BAKELIKE RED ,4,2011-05-08 12:26:00,3.75,13021.0,United Kingdom
558812,23168,CLASSIC CAFE SUGAR DISPENSER,12,2011-07-04 11:35:00,1.25,16265.0,United Kingdom
537136,71477,COLOUR GLASS. STAR T-LIGHT HOLDER,3,2010-12-05 12:42:00,3.25,12748.0,United Kingdom
560602,22557,PLASTERS IN TIN VINTAGE PAISLEY ,12,2011-07-20 08:48:00,1.65,13629.0,United Kingdom
578187,21373,MIRRORED WALL ART SNOWFLAKES,24,2011-11-23 11:40:00,0.75,14336.0,United Kingdom
568908,22417,PACK OF 60 SPACEBOY CAKE CASES,24,2011-09-29 13:38:00,0.55,16653.0,United Kingdom
542990,20685,DOORMAT RED RETROSPOT,2,2011-02-02 11:43:00,7.95,13468.0,United Kingdom
573262,23313,VINTAGE CHRISTMAS BUNTING,5,2011-10-28 12:33:00,4.95,16851.0,United Kingdom
547839,85123A,WHITE HANGING HEART T-LIGHT HOLDER,32,2011-03-27 10:54:00,2.55,12916.0,United Kingdom
578362,22187,GREEN CHRISTMAS TREE CARD HOLDER,24,2011-11-24 10:39:00,1.95,12913.0,United Kingdom
562928,84755,COLOUR GLASS T-LIGHT HOLDER HANGING,8,2011-08-10 15:29:00,0.65,15494.0,United Kingdom
572885,84347,ROTATING SILVER ANGELS T-LIGHT HLDR,1,2011-10-26 13:45:00,2.55,15311.0,United Kingdom
559549,21636,MADRAS NOTEBOOK MEDIUM,2,2011-07-10 15:25:00,0.75,13230.0,United Kingdom
567425,22865,HAND WARMER OWL DESIGN,96,2011-09-20 11:32:00,1.85,13767.0,United Kingdom
571913,22625,RED KITCHEN SCALES,2,2011-10-19 15:29:00,8.5,18210.0,United Kingdom
564378,23209,LUNCH BAG VINTAGE DOILY ,10,2011-08-25 10:26:00,1.65,12417.0,Belgium
546658,22896,PEG BAG APPLES DESIGN,6,2011-03-15 14:21:00,2.55,15150.0,United Kingdom
538744,22469,HEART OF WICKER SMALL,1,2010-12-14 11:26:00,1.65,15356.0,United Kingdom
577742,22634,CHILDS BREAKFAST SET SPACEBOY ,1,2011-11-21 13:41:00,9.95,13755.0,United Kingdom
559711,84997B,CHILDRENS CUTLERY RETROSPOT RED ,4,2011-07-12 10:46:00,4.15,13590.0,United Kingdom
571431,23344,JUMBO BAG 50'S CHRISTMAS ,100,2011-10-17 12:52:00,1.79,13881.0,United Kingdom
557285,21094,SET/6 RED SPOTTY PAPER PLATES,5,2011-06-19 12:31:00,0.85,15046.0,United Kingdom
559641,35972,DAISY FOLKART HEART DECORATION,6,2011-07-11 12:31:00,1.25,13184.0,United Kingdom
569025,22367,CHILDRENS APRON SPACEBOY DESIGN,10,2011-09-30 10:08:00,1.95,18041.0,United Kingdom
568164,23434,3 RAFFIA RIBBONS 50'S CHRISTMAS ,20,2011-09-25 12:39:00,0.79,14561.0,United Kingdom
578921,23241,TREASURE TIN GYMKHANA DESIGN,2,2011-11-27 11:57:00,2.08,13596.0,United Kingdom
546119,22619,SET OF 6 SOLDIER SKITTLES,4,2011-03-09 14:22:00,3.75,16945.0,United Kingdom
546760,22138,BAKING SET 9 PIECE RETROSPOT ,3,2011-03-16 14:00:00,4.95,12597.0,Spain
537126,21238,RED RETROSPOT CUP,1,2010-12-05 12:13:00,0.85,18118.0,United Kingdom
540353,22193,RED DINER WALL CLOCK,1,2011-01-06 14:53:00,8.5,13764.0,United Kingdom
579666,21181,PLEASE ONE PERSON METAL SIGN,12,2011-11-30 12:31:00,2.1,14893.0,United Kingdom
566929,23355,HOT WATER BOTTLE KEEP CALM,24,2011-09-15 15:21:00,4.15,17428.0,United Kingdom
580865,21065,BOOM BOX SPEAKER GIRLS,1,2011-12-06 11:58:00,1.25,17914.0,United Kingdom
547962,22434,BALLOON PUMP WITH 10 BALLOONS,8,2011-03-28 15:38:00,1.95,12957.0,United Kingdom
548718,21181,PLEASE ONE PERSON METAL SIGN,144,2011-04-04 08:50:00,1.85,14156.0,EIRE
547885,21714,CITRONELLA CANDLE GARDEN POT,12,2011-03-28 09:16:00,1.25,17314.0,United Kingdom
565971,21169,YOU'RE CONFUSING ME METAL SIGN ,1,2011-09-08 11:27:00,1.69,13571.0,United Kingdom
568593,22720,SET OF 3 CAKE TINS PANTRY DESIGN ,3,2011-09-28 10:54:00,4.95,13988.0,United Kingdom
543911,47590B,PINK HAPPY BIRTHDAY BUNTING,12,2011-02-14 12:46:00,5.45,17829.0,United Arab Emirates
561537,23052,RECYCLED ACAPULCO MAT TURQUOISE,2,2011-07-28 09:58:00,8.25,13870.0,United Kingdom
C550966,22841,ROUND CAKE TIN VINTAGE GREEN,-1,2011-04-21 16:57:00,7.95,17663.0,United Kingdom
562466,84832,ZINC WILLIE WINKIE  CANDLE STICK,48,2011-08-05 11:49:00,0.85,13435.0,United Kingdom
576907,22593,CHRISTMAS GINGHAM STAR,24,2011-11-17 09:34:00,0.85,12610.0,Italy
551305,22084,PAPER CHAIN KIT EMPIRE,6,2011-04-27 14:58:00,2.95,16145.0,United Kingdom
576339,21154,RED RETROSPOT OVEN GLOVE ,3,2011-11-14 15:27:00,2.46,14096.0,United Kingdom
578305,22169,FAMILY ALBUM WHITE PICTURE FRAME,16,2011-11-23 15:44:00,7.65,14088.0,United Kingdom
570423,22750,FELTCRAFT PRINCESS LOLA DOLL,2,2011-10-10 13:38:00,3.75,14451.0,United Kingdom
543812,21061,PARTY INVITES FOOTBALL,2,2011-02-13 14:40:00,0.85,17472.0,United Kingdom
562789,23286,BLUE VINTAGE SPOT BEAKER,96,2011-08-09 13:50:00,0.72,14646.0,Netherlands
C562795,23235,STORAGE TIN VINTAGE LEAF,-1,2011-08-09 14:23:00,2.89,13709.0,United Kingdom
574063,85094,CANDY SPOT EGG WARMER RABBIT,1,2011-11-02 14:31:00,0.19,13271.0,United Kingdom
554098,22695,WICKER WREATH SMALL,3,2011-05-22 13:01:00,1.45,14769.0,United Kingdom
537646,22193,RED DINER WALL CLOCK,1,2010-12-07 15:39:00,8.5,17591.0,United Kingdom
576217,22604,SET OF 4 NAPKIN CHARMS CUTLERY,1,2011-11-14 12:56:00,2.55,17081.0,United Kingdom
C561589,22960,JAM MAKING SET WITH JARS,-1,2011-07-28 10:57:00,4.25,16133.0,United Kingdom
579102,22754,SMALL RED BABUSHKA NOTEBOOK ,12,2011-11-28 11:33:00,0.85,14911.0,EIRE
566571,22666,RECIPE BOX PANTRY YELLOW DESIGN,6,2011-09-13 12:49:00,2.95,17037.0,United Kingdom
550361,22178,VICTORIAN GLASS HANGING T-LIGHT,96,2011-04-18 11:10:00,1.06,13082.0,United Kingdom
553485,23056,FLOWERS CHANDELIER T-LIGHT HOLDER,1,2011-05-17 12:25:00,6.25,13208.0,United Kingdom
568491,22993,SET OF 4 PANTRY JELLY MOULDS,3,2011-09-27 11:58:00,1.25,15443.0,United Kingdom
576911,23126,FELTCRAFT GIRL AMELIE KIT,1,2011-11-17 10:01:00,4.95,17461.0,United Kingdom
540979,84828,JUNGLE POPSICLES ICE LOLLY HOLDERS,12,2011-01-12 15:06:00,1.25,15727.0,United Kingdom
541281,22766,PHOTO FRAME CORNICE,1,2011-01-17 11:59:00,2.95,17988.0,United Kingdom
572552,22446,PIN CUSHION BABUSHKA PINK,1,2011-10-24 17:07:00,2.46,14096.0,United Kingdom
537376,16156S,WRAP PINK FAIRY CAKES ,25,2010-12-06 12:59:00,0.42,16722.0,United Kingdom
538327,22086,PAPER CHAIN KIT 50'S CHRISTMAS ,1,2010-12-10 13:58:00,2.95,15514.0,United Kingdom
572312,84031A,CHARLIE+LOLA RED HOT WATER BOTTLE ,1,2011-10-23 15:47:00,4.65,15022.0,United Kingdom
578266,21980,PACK OF 12 RED RETROSPOT TISSUES ,1,2011-11-23 13:34:00,0.39,12748.0,United Kingdom
578921,84992,72 SWEETHEART FAIRY CAKE CASES,1,2011-11-27 11:57:00,0.55,13596.0,United Kingdom
571129,C2,CARRIAGE,1,2011-10-14 10:03:00,50.0,14156.0,EIRE
546378,22287,"DECORATION , WOBBLY CHICKEN, METAL ",12,2011-03-11 12:17:00,1.65,14329.0,United Kingdom
571183,22417,PACK OF 60 SPACEBOY CAKE CASES,2,2011-10-14 11:08:00,0.55,14796.0,United Kingdom
577126,84558A,3D DOG PICTURE PLAYING CARDS,12,2011-11-17 19:22:00,2.95,12406.0,Denmark
552298,22301,COFFEE MUG CAT + BIRD DESIGN,6,2011-05-08 14:18:00,2.55,14507.0,United Kingdom
573336,85035C,ROSE 3 WICK MORRIS BOX CANDLE,12,2011-10-30 11:37:00,1.25,17372.0,United Kingdom
548912,22784,LANTERN CREAM GAZEBO ,12,2011-04-05 09:32:00,4.25,16586.0,United Kingdom
552197,84077,WORLD WAR 2 GLIDERS ASSTD DESIGNS,96,2011-05-06 14:32:00,0.29,13743.0,United Kingdom
577022,23400,SHELF WITH 4 HOOKS HOME SWEET HOME,2,2011-11-17 12:42:00,6.25,13668.0,United Kingdom
567873,22652,TRAVEL SEWING KIT,10,2011-09-22 14:25:00,1.65,13055.0,United Kingdom
578307,22949,SET OF 36 DOLLY GIRL PAPER DOILIES,3,2011-11-23 15:53:00,1.45,17290.0,United Kingdom
576081,21373,MIRRORED WALL ART SNOWFLAKES,12,2011-11-14 08:16:00,0.75,15203.0,United Kingdom
545188,22970,LONDON BUS COFFEE MUG,6,2011-02-28 15:19:00,2.55,14056.0,United Kingdom
579939,84949,SILVER HANGING T-LIGHT HOLDER,72,2011-12-01 10:18:00,1.45,15101.0,United Kingdom
C552212,23126,FELTCRAFT GIRL AMELIE KIT,-1,2011-05-06 15:08:00,4.95,17422.0,United Kingdom
576857,21896,POTTING SHED TWINE,1,2011-11-16 15:52:00,2.1,12748.0,United Kingdom
567183,23184,BULL DOG BOTTLE OPENER,2,2011-09-18 15:32:00,4.95,14769.0,United Kingdom
564061,20828,GLITTER BUTTERFLY CLIPS,3,2011-08-22 14:38:00,2.55,14505.0,United Kingdom
548991,21754,HOME BUILDING BLOCK WORD,2,2011-04-05 13:48:00,5.95,16915.0,United Kingdom
558877,22309,TEA COSY RED  STRIPE,1,2011-07-04 13:50:00,2.55,17841.0,United Kingdom
569246,22086,PAPER CHAIN KIT 50'S CHRISTMAS ,3,2011-10-03 09:57:00,5.79,14096.0,United Kingdom
580127,71053,WHITE MOROCCAN METAL LANTERN,4,2011-12-01 17:51:00,3.75,14911.0,EIRE
550946,POST,POSTAGE,1,2011-04-21 15:52:00,18.0,12708.0,Germany
565649,21466,RED FLOWER CROCHET FOOD COVER,2,2011-09-05 16:27:00,3.75,16712.0,United Kingdom
555522,23166,MEDIUM CERAMIC TOP STORAGE JAR,24,2011-06-05 11:29:00,1.25,15796.0,United Kingdom
568801,21165,BEWARE OF THE CAT METAL SIGN ,12,2011-09-29 10:46:00,1.69,14475.0,United Kingdom
550332,22062,CERAMIC BOWL WITH LOVE HEART DESIGN,4,2011-04-17 13:53:00,0.83,13474.0,United Kingdom
581405,21984,PACK OF 12 PINK PAISLEY TISSUES ,1,2011-12-08 13:50:00,0.39,13521.0,United Kingdom
546498,72232,FENG SHUI PILLAR CANDLE,9,2011-03-14 11:44:00,0.19,15493.0,United Kingdom
570703,84991,60 TEATIME FAIRY CAKE CASES,24,2011-10-12 09:50:00,0.55,14911.0,EIRE
548210,82486,WOOD S/3 CABINET ANT WHITE FINISH,1,2011-03-29 17:23:00,8.95,14606.0,United Kingdom
571441,22414,DOORMAT NEIGHBOURHOOD WITCH ,3,2011-10-17 13:31:00,15.79,14096.0,United Kingdom
578703,22992,REVOLVER WOODEN RULER ,4,2011-11-25 11:02:00,1.95,17385.0,United Kingdom
561706,71459,HANGING JAM JAR T-LIGHT HOLDER,12,2011-07-29 11:25:00,0.85,14735.0,United Kingdom
580500,20718,RED RETROSPOT SHOPPER BAG,10,2011-12-04 12:52:00,1.25,17131.0,United Kingdom
545045,21755,LOVE BUILDING BLOCK WORD,4,2011-02-27 11:40:00,5.95,15708.0,United Kingdom
568222,22993,SET OF 4 PANTRY JELLY MOULDS,12,2011-09-26 10:06:00,1.25,16603.0,United Kingdom
572216,23367,SET 12 COLOUR PENCILS SPACEBOY ,5,2011-10-21 12:56:00,0.65,16015.0,United Kingdom
579472,23422,PANTRY HOOK BALLOON WHISK ,1,2011-11-29 15:09:00,2.08,13521.0,United Kingdom
576025,21786,POLKADOT RAIN HAT ,24,2011-11-13 14:34:00,0.42,13232.0,United Kingdom
548210,22297,HEART IVORY TRELLIS SMALL,1,2011-03-29 17:23:00,1.25,14606.0,United Kingdom
551161,21899,"KEY FOB , GARAGE DESIGN",24,2011-04-26 15:26:00,0.65,18183.0,United Kingdom
580972,85061W,WHITE JEWELLED HEART DECORATION,24,2011-12-06 15:10:00,0.85,15194.0,United Kingdom
541575,20674,GREEN POLKADOT BOWL,12,2011-01-19 13:21:00,1.25,15311.0,United Kingdom
555853,22161,HEART DECORATION RUSTIC HANGING ,4,2011-06-07 13:44:00,0.19,14375.0,United Kingdom
541249,20980,36 PENCILS TUBE POSY,3,2011-01-16 13:18:00,1.25,13700.0,United Kingdom
C539838,22198,LARGE POPCORN HOLDER ,-10,2010-12-22 13:59:00,1.65,13458.0,United Kingdom
558540,21531,RED RETROSPOT SUGAR JAM BOWL,6,2011-06-30 12:15:00,2.55,17706.0,United Kingdom
556056,21231,SWEETHEART CERAMIC TRINKET BOX,1,2011-06-08 13:35:00,1.25,17841.0,United Kingdom
545575,22077,6 RIBBONS RUSTIC CHARM,48,2011-03-03 18:28:00,1.65,13014.0,United Kingdom
580884,20712,JUMBO BAG WOODLAND ANIMALS,1,2011-12-06 12:21:00,2.08,15907.0,United Kingdom
557067,23174,REGENCY SUGAR BOWL GREEN,12,2011-06-16 15:12:00,4.15,13098.0,United Kingdom
566195,22665,RECIPE BOX BLUE SKETCHBOOK DESIGN,24,2011-09-09 13:44:00,2.55,12433.0,Norway
569013,84945,MULTI COLOUR SILVER T-LIGHT HOLDER,48,2011-09-30 08:19:00,0.85,15187.0,United Kingdom
574490,22910,PAPER CHAIN KIT VINTAGE CHRISTMAS,3,2011-11-04 13:04:00,2.95,17690.0,United Kingdom
575851,22573,STAR WOODEN CHRISTMAS DECORATION,1,2011-11-11 12:13:00,0.85,14662.0,United Kingdom
574956,23502,PLAYING CARDS VINTAGE DOILY ,12,2011-11-08 09:54:00,1.25,16732.0,United Kingdom
537759,22795,SWEETHEART RECIPE BOOK STAND,2,2010-12-08 11:42:00,6.75,13126.0,United Kingdom
572859,23558,LANDMARK FRAME LONDON BRIDGE ,1,2011-10-26 12:39:00,12.5,16418.0,United Kingdom
558877,72349B,SET/6 PURPLE BUTTERFLY T-LIGHTS,4,2011-07-04 13:50:00,2.1,17841.0,United Kingdom
C548355,22423,REGENCY CAKESTAND 3 TIER,-1,2011-03-30 15:06:00,12.75,12921.0,United Kingdom
562999,21984,PACK OF 12 PINK PAISLEY TISSUES ,24,2011-08-11 11:51:00,0.29,15117.0,United Kingdom
581059,23439,HAND WARMER RED LOVE HEART,12,2011-12-07 11:12:00,2.1,13267.0,United Kingdom
548896,15044C,PURPLE PAPER PARASOL,6,2011-04-04 16:21:00,2.95,13767.0,United Kingdom
567305,23206,LUNCH BAG APPLE DESIGN,10,2011-09-19 13:28:00,1.65,12621.0,Germany
569046,23331,DECORATIVE WICKER HEART SMALL,48,2011-09-30 10:48:00,0.63,14422.0,United Kingdom
569635,17003,BROCADE RING PURSE ,36,2011-10-05 12:13:00,0.39,12748.0,United Kingdom
540514,22625,RED KITCHEN SCALES,1,2011-01-09 11:43:00,8.5,15708.0,United Kingdom
540859,85123A,WHITE HANGING HEART T-LIGHT HOLDER,6,2011-01-12 10:58:00,2.95,17965.0,United Kingdom
579516,84375,SET OF 20 KIDS COOKIE CUTTERS,1,2011-11-29 17:52:00,2.1,17841.0,United Kingdom
574328,23234,BISCUIT TIN VINTAGE CHRISTMAS,12,2011-11-04 09:05:00,2.89,13081.0,United Kingdom
566539,22333,RETROSPOT PARTY BAG + STICKER SET,6,2011-09-13 11:34:00,1.65,17228.0,United Kingdom
572023,22835,HOT WATER BOTTLE I AM SO POORLY,1,2011-10-20 11:03:00,4.95,17764.0,United Kingdom
541260,85094,CANDY SPOT EGG WARMER RABBIT,2,2011-01-16 15:44:00,1.25,16059.0,United Kingdom
536620,85049E,SCANDINAVIAN REDS RIBBONS,12,2010-12-02 10:27:00,1.25,14135.0,United Kingdom
544311,22993,SET OF 4 PANTRY JELLY MOULDS,1,2011-02-17 14:19:00,1.25,17841.0,United Kingdom
563691,23032,DRAWER KNOB CRACKLE GLAZE IVORY,18,2011-08-18 12:53:00,1.65,13668.0,United Kingdom
542929,21907,I'M ON HOLIDAY METAL SIGN,1,2011-02-02 10:34:00,2.1,17811.0,United Kingdom
557484,22631,CIRCUS PARADE LUNCH BOX ,1,2011-06-20 14:36:00,1.95,14796.0,United Kingdom
568060,23520,EMBROIDERED RIBBON REEL RUBY ,1,2011-09-23 13:11:00,3.75,14546.0,United Kingdom
559174,81952V,ROUND PURPLE CLOCK WITH SUCKER,20,2011-07-07 10:04:00,0.19,18263.0,United Kingdom
556724,21922,UNION STRIPE WITH FRINGE  HAMMOCK,2,2011-06-14 11:26:00,7.95,16745.0,United Kingdom
571667,22734,SET OF 6 RIBBONS VINTAGE CHRISTMAS,6,2011-10-18 13:04:00,2.89,14554.0,United Kingdom
546121,20828,GLITTER BUTTERFLY CLIPS,3,2011-03-09 14:30:00,2.55,14085.0,United Kingdom
573311,22633,HAND WARMER UNION JACK,1,2011-10-28 16:45:00,2.1,14071.0,United Kingdom
553942,22389,PAPERWEIGHT SAVE THE PLANET,6,2011-05-20 10:37:00,2.55,18055.0,United Kingdom
577182,20972,PINK CREAM FELT CRAFT TRINKET BOX ,12,2011-11-18 11:39:00,1.25,16945.0,United Kingdom
580311,22424,ENAMEL BREAD BIN CREAM,1,2011-12-02 14:48:00,12.75,18245.0,United Kingdom
C551861,22465,HANGING METAL STAR LANTERN,-1,2011-05-04 15:44:00,1.65,12840.0,United Kingdom
570886,22147,FELTCRAFT BUTTERFLY HEARTS,42,2011-10-13 10:23:00,1.25,13777.0,United Kingdom
555896,22904,CALENDAR PAPER CUT DESIGN,6,2011-06-07 16:04:00,2.95,15640.0,United Kingdom
573420,23234,BISCUIT TIN VINTAGE CHRISTMAS,6,2011-10-31 09:48:00,2.89,18223.0,United Kingdom
551564,23066,SMALL DECO JEWELLERY STAND,2,2011-05-03 10:56:00,8.25,16609.0,United Kingdom
548872,22619,SET OF 6 SOLDIER SKITTLES,4,2011-04-04 14:42:00,3.75,13015.0,United Kingdom
558684,85053,FRENCH ENAMEL CANDLEHOLDER,12,2011-07-01 11:29:00,2.1,14016.0,EIRE
569123,22654,DELUXE SEWING KIT ,6,2011-09-30 13:09:00,5.95,12748.0,United Kingdom
576176,85227,SET OF 6 3D KIT CARDS FOR KIDS,2,2011-11-14 11:04:00,0.85,16936.0,United Kingdom
547898,22383,LUNCH BAG SUKI DESIGN ,20,2011-03-28 11:49:00,1.65,16523.0,United Kingdom
567374,23319,BOX OF 6 MINI 50'S CRACKERS,48,2011-09-20 09:40:00,2.08,15341.0,United Kingdom
577778,22494,EMERGENCY FIRST AID TIN ,1,2011-11-21 16:10:00,1.25,16549.0,United Kingdom
552723,22723,SET OF 6 HERB TINS SKETCHBOOK,4,2011-05-11 10:18:00,3.95,16229.0,United Kingdom
542610,21703,BAG 125g SWIRLY MARBLES,10,2011-01-30 14:05:00,0.42,13148.0,United Kingdom
543542,22964,3 PIECE SPACEBOY COOKIE CUTTER SET,6,2011-02-09 15:25:00,2.1,16607.0,United Kingdom
C556273,23302,KNEELING MAT HOUSEWORK  DESIGN,-4,2011-06-09 19:44:00,1.65,13534.0,United Kingdom
560241,22791,T-LIGHT GLASS FLUTED ANTIQUE,36,2011-07-17 12:02:00,1.25,13967.0,United Kingdom
561021,23284,DOORMAT KEEP CALM AND COME IN,10,2011-07-24 10:03:00,6.75,15465.0,United Kingdom
573365,22625,RED KITCHEN SCALES,2,2011-10-30 13:13:00,8.5,12584.0,Italy
554942,22421,LIPSTICK PEN FUSCHIA,1,2011-05-27 14:01:00,0.42,17841.0,United Kingdom
576251,22822,CREAM WALL PLANTER HEART SHAPED,4,2011-11-14 13:51:00,5.95,16207.0,United Kingdom
581412,23196,VINTAGE LEAF MAGNETIC NOTEPAD,6,2011-12-08 14:38:00,1.45,14415.0,United Kingdom
571679,22662,LUNCH BAG DOLLY GIRL DESIGN,3,2011-10-18 13:41:00,1.65,14159.0,United Kingdom
548612,22482,BLUE TEA TOWEL CLASSIC DESIGN,1,2011-04-01 11:34:00,1.25,13137.0,United Kingdom
569536,22197,POPCORN HOLDER,100,2011-10-04 15:44:00,0.72,13269.0,United Kingdom
575892,85040A,S/4 PINK FLOWER CANDLES IN BOWL,12,2011-11-11 14:22:00,1.65,16332.0,United Kingdom
536557,22451,SILK PURSE BABUSHKA RED,3,2010-12-01 14:41:00,3.35,17841.0,United Kingdom
544074,22173,METAL 4 HOOK HANGER FRENCH CHATEAU,3,2011-02-15 14:49:00,2.95,14156.0,EIRE
C563599,22425,ENAMEL COLANDER CREAM,-1,2011-08-18 06:22:00,4.95,15152.0,United Kingdom
573151,22308,TEA COSY BLUE STRIPE,2,2011-10-27 20:09:00,2.55,17602.0,United Kingdom
573778,22698,PINK REGENCY TEACUP AND SAUCER,24,2011-11-01 10:56:00,2.55,18092.0,United Kingdom
546261,20713,JUMBO BAG OWLS,1,2011-03-10 15:01:00,1.95,17841.0,United Kingdom
538521,22795,SWEETHEART RECIPE BOOK STAND,2,2010-12-13 09:02:00,6.75,14180.0,United Kingdom
557621,23014,GLASS APOTHECARY BOTTLE ELIXIR,6,2011-06-21 14:00:00,3.95,12444.0,Norway
568013,22560,TRADITIONAL MODELLING CLAY,24,2011-09-23 11:39:00,1.25,17480.0,United Kingdom
557620,84536A,ENGLISH ROSE NOTEBOOK A7 SIZE,8,2011-06-21 13:58:00,0.42,14408.0,United Kingdom
577813,23333,IVORY WICKER HEART MEDIUM,12,2011-11-22 09:06:00,1.25,14297.0,United Kingdom
567368,22982,PANTRY PASTRY BRUSH,12,2011-09-20 08:23:00,1.25,17147.0,United Kingdom
557468,20615,BLUE POLKADOT PASSPORT COVER,3,2011-06-20 13:14:00,0.75,16713.0,United Kingdom
567172,22470,HEART OF WICKER LARGE,80,2011-09-18 13:29:00,2.55,18194.0,United Kingdom
558472,23119,PACK OF 6 LARGE FRUIT STRAWS ,144,2011-06-29 15:40:00,0.53,16553.0,United Kingdom
C558901,22456,NATURAL SLATE CHALKBOARD LARGE ,-1,2011-07-04 16:07:00,4.95,18171.0,United Kingdom
575919,22671,FRENCH LAUNDRY SIGN BLUE METAL,4,2011-11-11 17:00:00,1.65,15311.0,United Kingdom
562047,POST,POSTAGE,1,2011-08-02 10:38:00,4.95,17788.0,United Kingdom
573543,21823,PAINTED METAL HEART WITH HOLLY BELL,1,2011-10-31 13:05:00,0.39,17777.0,United Kingdom
547497,22979,PANTRY WASHING UP BRUSH,6,2011-03-23 12:15:00,1.45,14461.0,United Kingdom
563935,23323,WHITE WICKER STAR ,1,2011-08-21 16:24:00,2.1,15547.0,United Kingdom
561221,22423,REGENCY CAKESTAND 3 TIER,1,2011-07-26 09:23:00,12.75,15281.0,United Kingdom
C548360,22356,CHARLOTTE BAG PINK POLKADOT,-1,2011-03-30 15:35:00,0.85,13534.0,United Kingdom
564304,22381,TOY TIDY PINK POLKADOT,2,2011-08-24 12:11:00,2.1,14527.0,United Kingdom
577127,23382,BOX OF 6 CHRISTMAS CAKE DECORATIONS,12,2011-11-17 19:27:00,3.75,16871.0,United Kingdom
574481,22992,REVOLVER WOODEN RULER ,2,2011-11-04 12:45:00,1.95,18022.0,United Kingdom
540856,22937,BAKING MOULD CHOCOLATE CUPCAKES,6,2011-01-12 10:16:00,2.55,16655.0,United Kingdom
542103,22469,HEART OF WICKER SMALL,12,2011-01-25 13:26:00,1.65,13198.0,United Kingdom
549597,22457,NATURAL SLATE HEART CHALKBOARD ,48,2011-04-11 11:23:00,2.55,16133.0,United Kingdom
538896,84625C,BLUE NEW BAROQUE CANDLESTICK CANDLE,24,2010-12-15 09:09:00,0.85,16145.0,United Kingdom
581405,85169C,EAU DE NIL LOVE BIRD CANDLE,1,2011-12-08 13:50:00,1.25,13521.0,United Kingdom
572834,23035,DRAWER KNOB CERAMIC IVORY,6,2011-10-26 11:46:00,1.45,12748.0,United Kingdom
573152,23308,SET OF 60 VINTAGE LEAF CAKE CASES ,4,2011-10-27 20:16:00,0.55,17530.0,United Kingdom
547862,22248,DECORATION  PINK CHICK MAGIC GARDEN,4,2011-03-27 12:54:00,0.85,12841.0,United Kingdom
539016,22655,VINTAGE RED KITCHEN CABINET,2,2010-12-15 13:49:00,125.0,13418.0,United Kingdom
563076,21122,SET/10 PINK POLKADOT PARTY CANDLES,288,2011-08-11 16:12:00,1.06,14646.0,Netherlands
578283,23200,JUMBO BAG PEARS,30,2011-11-23 13:54:00,2.08,13139.0,United Kingdom
538155,22117,METAL SIGN HER DINNER IS SERVED ,1,2010-12-09 16:52:00,2.95,16907.0,United Kingdom
551985,22817,CARD SUKI BIRTHDAY,12,2011-05-05 14:38:00,0.42,12395.0,Belgium
569524,22572,ROCKING HORSE GREEN CHRISTMAS ,1,2011-10-04 14:42:00,0.85,14506.0,United Kingdom
579411,22773,GREEN DRAWER KNOB ACRYLIC EDWARDIAN,2,2011-11-29 12:46:00,1.25,16794.0,United Kingdom
565726,23313,VINTAGE CHRISTMAS BUNTING,10,2011-09-06 11:58:00,4.95,14360.0,United Kingdom
555476,23284,DOORMAT KEEP CALM AND COME IN,3,2011-06-03 12:17:00,7.95,16593.0,United Kingdom
572652,23231,WRAP  VINTAGE DOILY ,25,2011-10-25 12:11:00,0.42,15805.0,United Kingdom
545661,84987,SET OF 36 TEATIME PAPER DOILIES,12,2011-03-04 14:41:00,1.45,15358.0,United Kingdom
539725,21485,RETROSPOT HEART HOT WATER BOTTLE,3,2010-12-21 13:58:00,4.95,17211.0,United Kingdom
537250,22328,ROUND SNACK BOXES SET OF 4 FRUITS ,6,2010-12-06 10:43:00,2.95,12708.0,Germany
572762,23311,VINTAGE CHRISTMAS STOCKING ,6,2011-10-26 09:50:00,2.55,15240.0,United Kingdom
566306,22196,SMALL HEART MEASURING SPOONS,24,2011-09-12 09:36:00,0.85,13265.0,United Kingdom
560504,22437,SET OF 9 BLACK SKULL BALLOONS,20,2011-07-19 11:47:00,0.85,13081.0,United Kingdom
563211,85099F,JUMBO BAG STRAWBERRY,10,2011-08-14 12:33:00,2.08,17049.0,United Kingdom
544199,84050,PINK HEART SHAPE EGG FRYING PAN,24,2011-02-17 10:04:00,1.25,13777.0,United Kingdom
568665,21232,STRAWBERRY CERAMIC TRINKET BOX,12,2011-09-28 12:52:00,1.25,13018.0,United Kingdom
564856,84997B,CHILDRENS CUTLERY RETROSPOT RED ,12,2011-08-31 09:11:00,4.15,12477.0,Germany
579865,20749,ASSORTED COLOUR MINI CASES,1,2011-11-30 16:39:00,7.95,16915.0,United Kingdom
550723,22384,LUNCH BAG PINK POLKADOT,4,2011-04-20 11:19:00,1.65,17454.0,United Kingdom
536988,22910,PAPER CHAIN KIT VINTAGE CHRISTMAS,2,2010-12-03 15:05:00,2.95,17238.0,United Kingdom
577071,21262,WHITE GOOSE FEATHER CHRISTMAS TREE ,1,2011-11-17 14:56:00,2.95,13969.0,United Kingdom
543731,75049L,LARGE CIRCULAR MIRROR MOBILE,96,2011-02-11 11:57:00,0.85,17677.0,United Kingdom
551852,22840,ROUND CAKE TIN VINTAGE RED,2,2011-05-04 14:52:00,7.95,14948.0,United Kingdom
556441,23208,LUNCH BAG VINTAGE LEAF DESIGN,5,2011-06-10 15:07:00,1.65,14415.0,United Kingdom
572969,23493,VINTAGE DOILY TRAVEL SEWING KIT,10,2011-10-27 10:46:00,1.95,13363.0,United Kingdom
552277,22109,FULL ENGLISH BREAKFAST PLATE,1,2011-05-08 12:34:00,3.75,13642.0,United Kingdom
541262,22811,SET OF 6 T-LIGHTS CACTI ,1,2011-01-16 15:50:00,2.95,18069.0,United Kingdom
564049,23176,ABC TREASURE BOOK BOX ,3,2011-08-22 13:30:00,2.25,17585.0,United Kingdom
562043,22412,METAL SIGN NEIGHBOURHOOD WITCH ,12,2011-08-02 10:19:00,2.1,15342.0,United Kingdom
571017,23102,SILVER HEARTS TABLE DECORATION,12,2011-10-13 12:17:00,0.83,15116.0,United Kingdom
558993,47566,PARTY BUNTING,6,2011-07-05 11:49:00,4.95,16729.0,United Kingdom
558087,22268,DECORATION SITTING BUNNY,6,2011-06-26 12:04:00,0.19,17323.0,United Kingdom
575039,21809,CHRISTMAS HANGING TREE WITH BELL,10,2011-11-08 11:53:00,0.39,15005.0,United Kingdom
564554,22027,TEA PARTY BIRTHDAY CARD,12,2011-08-25 19:39:00,0.42,17189.0,United Kingdom
553856,82578,KITCHEN METAL SIGN,1,2011-05-19 13:28:00,0.55,16813.0,United Kingdom
564061,23240,SET OF 4 KNICK KNACK TINS DOILY ,3,2011-08-22 14:38:00,4.15,14505.0,United Kingdom
553225,23159,SET OF 5 PANCAKE DAY MAGNETS,12,2011-05-16 10:41:00,2.08,16912.0,United Kingdom
571105,23345, DOLLY GIRL BEAKER,1,2011-10-13 16:01:00,1.25,17614.0,United Kingdom
573038,23196,VINTAGE LEAF MAGNETIC NOTEPAD,2,2011-10-27 13:48:00,1.45,17545.0,United Kingdom
577411,23509,MINI PLAYING CARDS FUN FAIR ,4,2011-11-20 11:00:00,0.42,17387.0,United Kingdom
546079,20856,DENIM PATCH PURSE PINK BUTTERFLY,11,2011-03-09 11:05:00,1.65,14534.0,United Kingdom
574521,22083,PAPER CHAIN KIT RETROSPOT,6,2011-11-04 13:44:00,2.95,15358.0,United Kingdom
537762,22443,GROW YOUR OWN HERBS SET OF 3,2,2010-12-08 12:01:00,7.95,16558.0,United Kingdom
564256,22398,MAGNETS PACK OF 4 SWALLOWS,12,2011-08-24 10:45:00,0.39,14796.0,United Kingdom
566632,23294,SET OF 6 SNACK LOAF BAKING CASES,12,2011-09-14 10:35:00,0.83,15622.0,United Kingdom
562353,22149,FELTCRAFT 6 FLOWER FRIENDS,6,2011-08-04 13:15:00,2.1,16180.0,United Kingdom
C567961,22557,PLASTERS IN TIN VINTAGE PAISLEY ,-2,2011-09-23 09:16:00,1.65,13430.0,United Kingdom
565451,22383,LUNCH BAG SUKI DESIGN ,10,2011-09-04 15:37:00,1.65,15365.0,United Kingdom
560250,23198,PANTRY MAGNETIC  SHOPPING LIST,5,2011-07-17 12:31:00,1.45,14659.0,United Kingdom
566200,21914,BLUE HARMONICA IN BOX ,1,2011-09-09 14:14:00,1.25,16910.0,United Kingdom
548361,22951,60 CAKE CASES DOLLY GIRL DESIGN,24,2011-03-30 15:38:00,0.55,16092.0,United Kingdom
569920,22460,EMBOSSED GLASS TEALIGHT HOLDER,12,2011-10-06 17:28:00,1.25,13348.0,United Kingdom
568703,85183B,CHARLIE & LOLA WASTEPAPER BIN FLORA,2,2011-09-28 15:21:00,1.25,12748.0,United Kingdom
552466,22028,PENNY FARTHING BIRTHDAY CARD,12,2011-05-09 15:21:00,0.42,13458.0,United Kingdom
569870,22551,PLASTERS IN TIN SPACEBOY,2,2011-10-06 14:59:00,1.65,12757.0,Portugal
570237,22597,MUSICAL ZINC HEART DECORATION ,11,2011-10-09 14:48:00,0.29,13212.0,United Kingdom
563613,23294,SET OF 6 SNACK LOAF BAKING CASES,8,2011-08-18 08:49:00,0.83,12688.0,Israel
559357,22749,FELTCRAFT PRINCESS CHARLOTTE DOLL,1,2011-07-07 18:56:00,3.75,17107.0,United Kingdom
544314,22998,TRAVEL CARD WALLET KEEP CALM,24,2011-02-17 14:42:00,0.42,13767.0,United Kingdom
552708,48187,DOORMAT NEW ENGLAND,2,2011-05-10 16:19:00,7.95,13487.0,United Kingdom
556779,21188,3D HEARTS  HONEYCOMB PAPER GARLAND,3,2011-06-14 12:45:00,2.95,16774.0,United Kingdom
574023,22835,HOT WATER BOTTLE I AM SO POORLY,12,2011-11-02 12:20:00,4.95,14390.0,United Kingdom
561114,21232,STRAWBERRY CERAMIC TRINKET BOX,12,2011-07-25 12:12:00,1.25,14775.0,United Kingdom
548612,21937,STRAWBERRY   PICNIC BAG,2,2011-04-01 11:34:00,2.95,13137.0,United Kingdom
558263,23020,GLASS SONGBIRD STORAGE JAR,8,2011-06-28 08:50:00,11.15,14646.0,Netherlands
575574,23157,SET OF 6 NATIVITY MAGNETS ,6,2011-11-10 11:37:00,2.08,14606.0,United Kingdom
574733,85099B,JUMBO BAG RED RETROSPOT,20,2011-11-06 15:17:00,2.08,17082.0,United Kingdom
579094,22649,STRAWBERRY FAIRY CAKE TEAPOT,16,2011-11-28 10:56:00,4.95,12668.0,Germany
564541,22635,CHILDS BREAKFAST SET DOLLY GIRL ,2,2011-08-25 15:35:00,9.95,16309.0,United Kingdom
C564281,37448,CERAMIC CAKE DESIGN SPOTTED MUG,-1,2011-08-24 10:54:00,1.49,14796.0,United Kingdom
541848,21544,SKULLS  WATER TRANSFER TATTOOS ,6,2011-01-23 13:31:00,0.85,17611.0,United Kingdom
565210,22999,TRAVEL CARD WALLET VINTAGE LEAF,24,2011-09-01 17:09:00,0.42,17750.0,United Kingdom
539639,22616,PACK OF 12 LONDON TISSUES ,3,2010-12-20 15:26:00,0.29,14083.0,United Kingdom
562804,22111,SCOTTIE DOG HOT WATER BOTTLE,3,2011-08-09 14:48:00,4.95,13355.0,United Kingdom
561192,21745,GAOLERS KEYS DECORATIVE GARDEN ,1,2011-07-25 13:45:00,3.75,16033.0,United Kingdom
C579192,22809,SET OF 6 T-LIGHTS SANTA,-12,2011-11-28 15:43:00,2.95,12657.0,France
566979,22154,ANGEL DECORATION 3 BUTTONS ,48,2011-09-16 09:54:00,0.42,13141.0,United Kingdom
538868,22564,ALPHABET STENCIL CRAFT,12,2010-12-14 14:42:00,1.25,17017.0,United Kingdom
551137,84584,PINK GINGHAM CAT WITH SCARF,1,2011-04-26 13:05:00,2.55,15581.0,United Kingdom
562046,21114,LAVENDER SCENTED FABRIC HEART,10,2011-08-02 10:34:00,1.25,12378.0,Switzerland
577502,22138,BAKING SET 9 PIECE RETROSPOT ,6,2011-11-20 12:34:00,4.95,12598.0,France
569866,23236,STORAGE TIN VINTAGE DOILY ,6,2011-10-06 14:50:00,2.89,12757.0,Portugal
564734,21328,BALLOONS  WRITING SET ,6,2011-08-28 13:32:00,1.65,12484.0,Spain
561026,21535,RED RETROSPOT SMALL MILK JUG,2,2011-07-24 10:49:00,2.55,17265.0,United Kingdom
566576,22379,RECYCLING BAG RETROSPOT ,20,2011-09-13 13:21:00,2.1,13098.0,United Kingdom
C566611,22456,NATURAL SLATE CHALKBOARD LARGE ,-1,2011-09-13 17:14:00,4.25,15513.0,United Kingdom
572681,47591D,PINK FAIRY CAKE CHILDRENS APRON,8,2011-10-25 13:51:00,1.95,13510.0,United Kingdom
579470,82583,HOT BATHS METAL SIGN,3,2011-11-29 15:06:00,2.1,16549.0,United Kingdom
561079,22079,RIBBON REEL HEARTS DESIGN ,2,2011-07-24 16:12:00,1.65,13956.0,United Kingdom
581467,22754,SMALL RED BABUSHKA NOTEBOOK ,1,2011-12-08 19:24:00,0.21,13077.0,United Kingdom
578171,22383,LUNCH BAG SUKI DESIGN ,10,2011-11-23 11:36:00,1.65,17685.0,United Kingdom
569637,84077,WORLD WAR 2 GLIDERS ASSTD DESIGNS,48,2011-10-05 12:14:00,0.29,15757.0,United Kingdom
536785,20961,STRAWBERRY BATH SPONGE ,100,2010-12-02 15:22:00,1.25,15061.0,United Kingdom
552723,23108,SET OF 10 LED DOLLY LIGHTS,4,2011-05-11 10:18:00,6.25,16229.0,United Kingdom
541843,85212,MINI PAINTED GARDEN DECORATION ,12,2011-01-23 12:08:00,0.85,13659.0,United Kingdom
567807,23520,EMBROIDERED RIBBON REEL RUBY ,1,2011-09-22 12:23:00,3.75,17027.0,United Kingdom
563094,22155,STAR DECORATION RUSTIC,48,2011-08-11 17:35:00,0.42,14525.0,United Kingdom
553843,21931,JUMBO STORAGE BAG SUKI,10,2011-05-19 12:29:00,2.08,12553.0,France
567462,20977,36 PENCILS TUBE WOODLAND,1,2011-09-20 12:35:00,1.25,14446.0,United Kingdom
546669,22423,REGENCY CAKESTAND 3 TIER,6,2011-03-15 15:36:00,12.75,14226.0,United Kingdom
543447,22362,GLASS JAR PEACOCK BATH SALTS,6,2011-02-08 12:01:00,2.95,16265.0,United Kingdom
C561240,84949,SILVER HANGING T-LIGHT HOLDER,-1,2011-07-26 10:33:00,1.65,17677.0,United Kingdom
563928,21899,GARAGE KEY FOB,5,2011-08-21 15:17:00,0.65,17059.0,United Kingdom
550899,22955,36 FOIL STAR CAKE CASES ,6,2011-04-21 12:07:00,2.1,13505.0,Switzerland
569638,22950,36 DOILIES VINTAGE CHRISTMAS,12,2011-10-05 12:15:00,1.45,16140.0,United Kingdom
573289,22704,WRAP RED APPLES ,25,2011-10-28 14:44:00,0.42,12705.0,Germany
561894,85123A,WHITE HANGING HEART T-LIGHT HOLDER,1,2011-07-31 15:00:00,2.95,14456.0,United Kingdom
548014,21400,RED PUDDING SPOON,24,2011-03-29 11:29:00,0.12,17719.0,United Kingdom
555109,22505,MEMO BOARD COTTAGE DESIGN,2,2011-05-31 14:19:00,4.95,16023.0,United Kingdom
561196,16011,ANIMAL STICKERS,24,2011-07-25 14:35:00,0.21,14342.0,United Kingdom
552640,22475,SKULL DESIGN TV DINNER TRAY,2,2011-05-10 13:19:00,4.95,17841.0,United Kingdom
580695,22940,FELTCRAFT CHRISTMAS FAIRY,2,2011-12-05 16:03:00,4.25,13230.0,United Kingdom
561192,23182,TOILET SIGN OCCUPIED OR VACANT,6,2011-07-25 13:45:00,0.83,16033.0,United Kingdom
578251,22197,POPCORN HOLDER,4,2011-11-23 12:45:00,0.85,15993.0,United Kingdom
577893,22991,GIRAFFE WOODEN RULER,2,2011-11-22 11:47:00,1.95,17073.0,United Kingdom
547785,23194,GYMKHANA TREASURE BOOK BOX,3,2011-03-25 11:41:00,2.25,13097.0,United Kingdom
541847,21584,RETROSPOT SMALL TUBE MATCHES,3,2011-01-23 13:25:00,1.65,15443.0,United Kingdom
568577,23254,CHILDRENS CUTLERY DOLLY GIRL ,4,2011-09-28 09:41:00,4.15,15301.0,United Kingdom
578143,21218,RED SPOTTY BISCUIT TIN,24,2011-11-23 11:06:00,3.25,14646.0,Netherlands
564573,20718,RED RETROSPOT SHOPPER BAG,1,2011-08-26 11:19:00,1.25,14606.0,United Kingdom
569697,22625,RED KITCHEN SCALES,2,2011-10-05 15:38:00,8.5,17647.0,United Kingdom
575870,72799E,IVORY PILLAR CANDLE SILVER FLOCK,12,2011-11-11 12:46:00,2.95,15557.0,United Kingdom
553546,21900,"KEY FOB , SHED",576,2011-05-17 15:42:00,0.53,12415.0,Australia
561295,22775,PURPLE DRAWERKNOB ACRYLIC EDWARDIAN,192,2011-07-26 12:28:00,1.06,15311.0,United Kingdom
555243,22804,CANDLEHOLDER PINK HANGING HEART,6,2011-06-01 13:52:00,2.95,13475.0,United Kingdom
572312,22111,SCOTTIE DOG HOT WATER BOTTLE,2,2011-10-23 15:47:00,4.95,15022.0,United Kingdom
544778,17012C,ORIGAMI LAVENDER INCENSE/CANDL SET ,1,2011-02-23 12:03:00,2.55,14978.0,United Kingdom
553386,20979,36 PENCILS TUBE RED RETROSPOT,16,2011-05-16 16:22:00,1.25,13381.0,United Kingdom
560115,20969,RED FLORAL FELTCRAFT SHOULDER BAG,2,2011-07-15 10:05:00,3.75,17841.0,United Kingdom
570693,23263,SET OF 3 WOODEN HEART DECORATIONS,2,2011-10-11 16:50:00,1.25,16161.0,United Kingdom
578016,22981,PANTRY APPLE CORER,1,2011-11-22 13:02:00,1.45,14506.0,United Kingdom
572528,47367B,PAIR PADDED HANGERS PINK CHECK,2,2011-10-24 15:43:00,3.75,13176.0,United Kingdom
542216,16052,TEATIME PUSH DOWN RUBBER,24,2011-01-26 12:29:00,0.42,14911.0,EIRE
578626,22726,ALARM CLOCK BAKELIKE GREEN,8,2011-11-24 15:38:00,3.75,12709.0,Germany
577504,22951,60 CAKE CASES DOLLY GIRL DESIGN,4,2011-11-20 12:36:00,0.55,14159.0,United Kingdom
566984,23158,SET OF 5 LUCKY CAT MAGNETS ,24,2011-09-16 10:39:00,2.08,12471.0,Germany
557771,23033,DRAWER KNOB CERAMIC RED,6,2011-06-22 14:43:00,1.45,15601.0,United Kingdom
541595,22241,GARLAND WOODEN HAPPY EASTER,12,2011-01-19 16:08:00,1.25,14606.0,United Kingdom
574947,21790,VINTAGE SNAP CARDS,12,2011-11-08 09:03:00,0.85,16422.0,United Kingdom
545653,21931,JUMBO STORAGE BAG SUKI,100,2011-03-04 13:39:00,1.65,15311.0,United Kingdom
561647,21485,RETROSPOT HEART HOT WATER BOTTLE,48,2011-07-28 15:20:00,4.25,13340.0,United Kingdom
574587,23337,EGG FRYING PAN MINT ,6,2011-11-06 10:29:00,2.08,14936.0,Channel Islands
564353,23168,CLASSIC CAFE SUGAR DISPENSER,12,2011-08-24 15:08:00,1.25,15764.0,United Kingdom
569568,16236,KITTY PENCIL ERASERS,28,2011-10-05 09:57:00,0.21,12700.0,France
578248,84378,SET OF 3 HEART COOKIE CUTTERS,12,2011-11-23 12:40:00,1.45,16255.0,United Kingdom
C576241,23084,RABBIT NIGHT LIGHT,-2,2011-11-14 13:35:00,2.08,13447.0,United Kingdom
541018,21907,I'M ON HOLIDAY METAL SIGN,2,2011-01-13 12:03:00,2.1,14978.0,United Kingdom
558814,22662,LUNCH BAG DOLLY GIRL DESIGN,10,2011-07-04 11:47:00,1.65,14049.0,United Kingdom
C556656,21314,SMALL GLASS HEART TRINKET POT,-2,2011-06-13 16:21:00,2.1,13148.0,United Kingdom
539404,21329,DINOSAURS  WRITING SET ,1,2010-12-17 12:24:00,1.65,17315.0,United Kingdom
552969,21891,TRADITIONAL WOODEN SKIPPING ROPE,12,2011-05-12 13:37:00,1.45,14021.0,United Kingdom
580502,23263,SET OF 3 WOODEN HEART DECORATIONS,1,2011-12-04 13:15:00,1.25,16931.0,United Kingdom
542789,23233,WRAP POPPIES  DESIGN,50,2011-02-01 10:38:00,0.42,17511.0,United Kingdom
553829,22147,FELTCRAFT BUTTERFLY HEARTS,12,2011-05-19 11:28:00,1.45,16455.0,United Kingdom
550163,21749,LARGE RED RETROSPOT WINDMILL,6,2011-04-14 16:26:00,2.1,14154.0,United Kingdom
552333,21212,PACK OF 72 RETROSPOT CAKE CASES,2,2011-05-09 10:38:00,0.55,15039.0,United Kingdom
572330,23439,HAND WARMER RED LOVE HEART,2,2011-10-24 10:17:00,2.1,16426.0,United Kingdom
552872,21670,BLUE SPOT CERAMIC DRAWER KNOB,24,2011-05-12 09:09:00,1.25,16985.0,United Kingdom
554131,22508,DOORSTOP RETROSPOT HEART,4,2011-05-23 09:43:00,3.75,13988.0,United Kingdom
541215,84050,PINK HEART SHAPE EGG FRYING PAN,6,2011-01-14 13:42:00,1.65,14329.0,United Kingdom
544295,75011,BLUE DAISY MOBILE,24,2011-02-17 12:43:00,0.85,14298.0,United Kingdom
551546,22555,PLASTERS IN TIN STRONGMAN,12,2011-05-03 09:34:00,1.65,18062.0,United Kingdom
570521,85035A,GARDENIA 3 WICK MORRIS BOXED CANDLE,4,2011-10-11 10:43:00,4.25,12371.0,Switzerland
547772,22417,PACK OF 60 SPACEBOY CAKE CASES,1,2011-03-25 11:34:00,0.55,17979.0,United Kingdom
553004,22169,FAMILY ALBUM WHITE PICTURE FRAME,1,2011-05-12 16:11:00,8.5,17764.0,United Kingdom
578016,22586,FELTCRAFT HAIRBAND PINK AND BLUE,3,2011-11-22 13:02:00,0.85,14506.0,United Kingdom
571441,16254,TRANSPARENT ACRYLIC TAPE DISPENSER,1,2011-10-17 13:31:00,1.63,14096.0,United Kingdom
573510,23084,RABBIT NIGHT LIGHT,52,2011-10-31 12:21:00,1.79,14808.0,United Kingdom
563166,79000,MOROCCAN TEA GLASS,600,2011-08-12 12:37:00,0.65,18092.0,United Kingdom
539333,84817,DANISH ROSE DECORATIVE PLATE,24,2010-12-17 09:52:00,0.42,13627.0,United Kingdom
581147,23301,GARDENERS KNEELING PAD KEEP CALM ,5,2011-12-07 14:01:00,1.65,16426.0,United Kingdom
543652,22706,WRAP COWBOYS  ,25,2011-02-11 10:15:00,0.42,15544.0,United Kingdom
580916,21285,RETROSPOT CANDLE  MEDIUM,1,2011-12-06 13:45:00,0.39,13685.0,United Kingdom
578516,21819,GLITTER CHRISTMAS STAR ,36,2011-11-24 13:53:00,0.39,14591.0,United Kingdom
553418,22993,SET OF 4 PANTRY JELLY MOULDS,12,2011-05-17 10:10:00,1.25,18257.0,United Kingdom
545032,22697,GREEN REGENCY TEACUP AND SAUCER,12,2011-02-25 15:37:00,2.95,14051.0,United Kingdom
578045,21901,"KEY FOB , BACK DOOR ",2,2011-11-22 14:43:00,0.65,17297.0,United Kingdom
580291,22940,FELTCRAFT CHRISTMAS FAIRY,6,2011-12-02 13:36:00,4.25,15539.0,United Kingdom
578999,85038,6 CHOCOLATE LOVE HEART T-LIGHTS,3,2011-11-27 16:08:00,2.1,17595.0,United Kingdom
573130,22197,POPCORN HOLDER,12,2011-10-27 16:41:00,0.85,13969.0,United Kingdom
566005,84660C,PINK STITCHED WALL CLOCK,1,2011-09-08 11:56:00,0.79,16426.0,United Kingdom
544778,48194,DOORMAT HEARTS,2,2011-02-23 12:03:00,7.95,14978.0,United Kingdom
564317,85130C,BEADED CRYSTAL HEART BLUE  LARGE,24,2011-08-24 13:12:00,0.79,13890.0,United Kingdom
561894,22730,ALARM CLOCK BAKELIKE IVORY,1,2011-07-31 15:00:00,3.75,14456.0,United Kingdom
555810,71477,COLOUR GLASS. STAR T-LIGHT HOLDER,4,2011-06-07 11:39:00,3.25,17091.0,United Kingdom
544069,20750,RED RETROSPOT MINI CASES,8,2011-02-15 14:17:00,7.95,12616.0,France
579868,85049A,TRADITIONAL CHRISTMAS RIBBONS,24,2011-11-30 16:43:00,1.25,15544.0,United Kingdom
571323,23500,KEY RING BASEBALL BOOT ASSORTED ,20,2011-10-17 11:07:00,1.25,13534.0,United Kingdom
547888,22966,GINGERBREAD MAN COOKIE CUTTER,24,2011-03-28 09:59:00,1.25,13368.0,United Kingdom
536945,47503J,SET/3 FLORAL GARDEN TOOLS IN BAG,1,2010-12-03 12:24:00,7.95,14083.0,United Kingdom
559673,85152,HAND OVER THE CHOCOLATE   SIGN ,12,2011-07-11 14:10:00,2.1,13224.0,United Kingdom
549192,22355,CHARLOTTE BAG SUKI DESIGN,10,2011-04-07 10:20:00,0.85,14961.0,United Kingdom
575647,22307,GOLD MUG BONE CHINA TREE OF LIFE,6,2011-11-10 14:16:00,1.06,16440.0,United Kingdom
578017,21588,RETROSPOT GIANT TUBE MATCHES,1,2011-11-22 13:07:00,2.55,13569.0,United Kingdom
536591,21238,RED RETROSPOT CUP,1,2010-12-01 16:57:00,0.85,14606.0,United Kingdom
561897,22197,POPCORN HOLDER,4,2011-07-31 15:24:00,0.85,17841.0,United Kingdom
556876,21975,PACK OF 60 DINOSAUR CAKE CASES,1,2011-06-15 11:56:00,0.55,16241.0,United Kingdom
578445,82582,AREA PATROLLED METAL SIGN,1,2011-11-24 12:25:00,2.1,15005.0,United Kingdom
572755,72801D,4 SKY BLUE DINNER CANDLES,2,2011-10-25 17:31:00,1.25,13601.0,United Kingdom
568310,23427,STOOL HOME SWEET HOME ,1,2011-09-26 12:48:00,12.5,14911.0,EIRE
563616,84991,60 TEATIME FAIRY CAKE CASES,480,2011-08-18 09:39:00,0.4,13027.0,United Kingdom
576303,21034,REX CASH+CARRY JUMBO SHOPPER,1,2011-11-14 14:51:00,0.95,15532.0,United Kingdom
572755,23245,SET OF 3 REGENCY CAKE TINS,1,2011-10-25 17:31:00,4.95,13601.0,United Kingdom
576907,21671,RED SPOT CERAMIC DRAWER KNOB,24,2011-11-17 09:34:00,1.45,12610.0,Italy
576058,23311,VINTAGE CHRISTMAS STOCKING ,6,2011-11-13 15:15:00,2.55,15654.0,United Kingdom
576259,23521,WALL ART CAT AND BIRD ,6,2011-11-14 14:18:00,2.89,12957.0,United Kingdom
570096,21470,FLOWER VINE RAFFIA FOOD COVER,1,2011-10-07 11:58:00,3.75,15311.0,United Kingdom
558338,22993,SET OF 4 PANTRY JELLY MOULDS,12,2011-06-28 13:36:00,1.25,16824.0,United Kingdom
560635,22411,JUMBO SHOPPER VINTAGE RED PAISLEY,10,2011-07-20 10:51:00,2.08,12521.0,Germany
538899,22178,VICTORIAN GLASS HANGING T-LIGHT,24,2010-12-15 09:49:00,1.25,16817.0,United Kingdom
568066,22575,METAL MERRY CHRISTMAS WREATH,1,2011-09-23 13:48:00,1.95,14529.0,United Kingdom
579675,23444,Next Day Carriage,1,2011-11-30 13:08:00,15.0,15654.0,United Kingdom
563613,22326,ROUND SNACK BOXES SET OF4 WOODLAND ,48,2011-08-18 08:49:00,2.55,12688.0,Israel
541844,84032B,CHARLIE + LOLA RED HOT WATER BOTTLE,1,2011-01-23 12:19:00,2.95,16931.0,United Kingdom
570116,23332,IVORY WICKER HEART LARGE,3,2011-10-07 12:38:00,1.65,12856.0,United Kingdom
562145,82486,WOOD S/3 CABINET ANT WHITE FINISH,2,2011-08-03 10:45:00,8.95,17656.0,United Kingdom
539988,85062,PEARL CRYSTAL PUMPKIN T-LIGHT HLDR,4,2010-12-23 16:06:00,1.65,18116.0,United Kingdom
559349,84510A,SET OF 4 ENGLISH ROSE COASTERS,10,2011-07-07 17:33:00,1.25,15150.0,United Kingdom
577893,84596B,SMALL DOLLY MIX DESIGN ORANGE BOWL,2,2011-11-22 11:47:00,0.42,17073.0,United Kingdom
561968,23152,IVORY SWEETHEART WIRE LETTER RACK ,2,2011-08-01 13:29:00,3.75,16332.0,United Kingdom
580893,21166,COOK WITH WINE METAL SIGN ,1,2011-12-06 12:38:00,2.08,17290.0,United Kingdom
C572120,21430,SET/3 RED GINGHAM ROSE STORAGE BOX,-1,2011-10-20 19:29:00,3.75,14911.0,EIRE
543256,21034,REX CASH+CARRY JUMBO SHOPPER,1,2011-02-04 15:54:00,0.95,17293.0,United Kingdom
548560,21535,RED RETROSPOT SMALL MILK JUG,6,2011-04-01 10:10:00,2.55,13468.0,United Kingdom
553182,22416,SET OF 36 DOILIES SPACEBOY DESIGN ,2,2011-05-15 12:21:00,1.45,17107.0,United Kingdom
568099,22847,BREAD BIN DINER STYLE IVORY,1,2011-09-23 15:18:00,16.95,15916.0,United Kingdom
572221,85099B,JUMBO BAG RED RETROSPOT,20,2011-10-21 13:27:00,2.08,17086.0,United Kingdom
564342,22915,ASSORTED BOTTLE TOP  MAGNETS ,24,2011-08-24 14:53:00,0.42,16340.0,United Kingdom
571546,22698,PINK REGENCY TEACUP AND SAUCER,10,2011-10-17 17:24:00,2.95,17920.0,United Kingdom
575187,21495,SKULLS AND CROSSBONES WRAP,25,2011-11-09 09:06:00,0.42,16759.0,United Kingdom
547374,84228,HEN HOUSE W CHICK STANDING,1,2011-03-22 13:54:00,0.42,16110.0,United Kingdom
576176,21558,SKULL LUNCH BOX WITH CUTLERY ,5,2011-11-14 11:04:00,2.55,16936.0,United Kingdom
575602,23096,PETIT TRAY CHIC,2,2011-11-10 12:27:00,1.65,17059.0,United Kingdom
556113,22467,GUMBALL COAT RACK,6,2011-06-09 09:32:00,2.55,13510.0,United Kingdom
545873,22623,BOX OF VINTAGE JIGSAW BLOCKS ,3,2011-03-07 14:54:00,4.95,13092.0,United Kingdom
562037,82484,WOOD BLACK BOARD ANT WHITE FINISH,2,2011-08-02 09:34:00,7.95,13023.0,United Kingdom
577834,21791,VINTAGE HEADS AND TAILS CARD GAME ,12,2011-11-22 10:21:00,1.25,17528.0,United Kingdom
560504,20724,RED RETROSPOT CHARLOTTE BAG,10,2011-07-19 11:47:00,0.85,13081.0,United Kingdom
553913,22457,NATURAL SLATE HEART CHALKBOARD ,3,2011-05-19 19:47:00,2.95,18109.0,United Kingdom
558868,21746,SMALL RED RETROSPOT WINDMILL,12,2011-07-04 12:47:00,1.25,13266.0,United Kingdom
557143,23290,SPACEBOY CHILDRENS BOWL,8,2011-06-17 10:12:00,1.25,13090.0,United Kingdom
556776,22974,CHILDRENS DOLLY GIRL MUG,3,2011-06-14 12:24:00,1.65,14730.0,United Kingdom
560255,22083,PAPER CHAIN KIT RETROSPOT,10,2011-07-17 13:08:00,2.95,16054.0,United Kingdom
578949,22672,FRENCH BATHROOM SIGN BLUE METAL,1,2011-11-27 14:30:00,1.65,14954.0,United Kingdom
576677,22659,LUNCH BOX I LOVE LONDON,2,2011-11-16 12:03:00,1.95,16393.0,United Kingdom
576611,22099,CARAVAN SQUARE TISSUE BOX,1,2011-11-15 16:29:00,0.39,17357.0,United Kingdom
560853,21718,RED METAL BEACH SPADE ,6,2011-07-21 12:33:00,1.25,15311.0,United Kingdom
C540393,21843,RED RETROSPOT CAKE STAND,-1,2011-01-06 18:08:00,10.95,17428.0,United Kingdom
546771,21476,STEEL SWEETHEART ROUND TABLE CREAM,1,2011-03-16 15:19:00,14.95,17515.0,United Kingdom
552869,22757,LARGE RED BABUSHKA NOTEBOOK ,12,2011-05-12 08:41:00,1.25,15106.0,United Kingdom
580256,23583,LUNCH BAG PAISLEY PARK  ,1,2011-12-02 12:24:00,1.65,14688.0,United Kingdom
575705,22296,HEART IVORY TRELLIS LARGE,12,2011-11-10 17:06:00,1.65,15159.0,United Kingdom
559791,22767,TRIPLE PHOTO FRAME CORNICE ,6,2011-07-12 12:24:00,9.95,17675.0,United Kingdom
577485,21993,FLORAL FOLK STATIONERY SET,2,2011-11-20 11:56:00,1.25,16360.0,United Kingdom
552320,22381,TOY TIDY PINK POLKADOT,10,2011-05-09 08:26:00,2.1,13985.0,United Kingdom
578032,23313,VINTAGE CHRISTMAS BUNTING,5,2011-11-22 13:41:00,4.95,16633.0,United Kingdom
570888,22653,BUTTON BOX ,10,2011-10-13 10:26:00,1.95,17509.0,United Kingdom
575760,23318,BOX OF 6 MINI VINTAGE CRACKERS,4,2011-11-11 10:50:00,2.49,15965.0,United Kingdom
561471,21985,PACK OF 12 HEARTS DESIGN TISSUES ,48,2011-07-27 13:14:00,0.29,14911.0,EIRE
570983,21172,PARTY METAL SIGN ,1,2011-10-13 11:57:00,1.45,14963.0,United Kingdom
562444,22411,JUMBO SHOPPER VINTAGE RED PAISLEY,2,2011-08-04 18:44:00,2.08,14713.0,United Kingdom
C548387,22849,BREAD BIN DINER STYLE MINT,-2,2011-03-30 16:49:00,16.95,14794.0,United Kingdom
575491,21154,RED RETROSPOT OVEN GLOVE ,4,2011-11-09 17:47:00,1.25,15531.0,United Kingdom
580753,22423,REGENCY CAKESTAND 3 TIER,1,2011-12-06 10:00:00,12.75,12682.0,France
553507,21123,SET/10 IVORY POLKADOT PARTY CANDLES,2,2011-05-17 13:35:00,1.25,17220.0,United Kingdom
572899,21847,GREEN  DIAMANTE PEN IN GIFT BOX,1,2011-10-26 14:50:00,4.95,13435.0,United Kingdom
551281,21166,COOK WITH WINE METAL SIGN ,3,2011-04-27 13:31:00,2.08,13571.0,United Kingdom
571281,21112,SWISS ROLL TOWEL PINK  SPOTS,48,2011-10-16 13:23:00,2.55,14088.0,United Kingdom
542713,21232,STRAWBERRY CERAMIC TRINKET BOX,36,2011-01-31 13:27:00,1.25,12668.0,Germany
566847,22371,AIRLINE BAG VINTAGE TOKYO 78,2,2011-09-15 11:57:00,4.25,15005.0,United Kingdom
544662,85014B,RED RETROSPOT UMBRELLA,1,2011-02-22 14:10:00,5.95,12845.0,United Kingdom
548533,21537,RED RETROSPOT PUDDING BOWL,6,2011-03-31 17:17:00,4.25,13883.0,United Kingdom
568659,21212,PACK OF 72 RETROSPOT CAKE CASES,24,2011-09-28 12:28:00,0.55,13516.0,United Kingdom
577850,23311,VINTAGE CHRISTMAS STOCKING ,6,2011-11-22 11:04:00,2.55,14911.0,EIRE
573070,85150,LADIES & GENTLEMEN METAL SIGN,1,2011-10-27 13:59:00,2.55,13263.0,United Kingdom
580523,23357,HOT WATER BOTTLE SEX BOMB,1,2011-12-04 15:00:00,1.65,17827.0,United Kingdom
547417,85159B,"WHITE TEA,COFFEE,SUGAR JARS",12,2011-03-23 10:25:00,1.95,13239.0,United Kingdom
538652,22816,CARD MOTORBIKE SANTA,36,2010-12-13 15:12:00,0.42,17890.0,United Kingdom
580691,22758,LARGE PURPLE BABUSHKA NOTEBOOK  ,12,2011-12-05 15:48:00,0.39,13790.0,United Kingdom
550332,22602,RETROSPOT WOODEN HEART DECORATION,2,2011-04-17 13:53:00,0.85,13474.0,United Kingdom
546019,22386,JUMBO BAG PINK POLKADOT,5,2011-03-08 17:25:00,1.95,14507.0,United Kingdom
555002,47566,PARTY BUNTING,8,2011-05-31 08:50:00,4.95,17682.0,United Kingdom
C572275,71279,PINK GLASS CANDLEHOLDER,-1,2011-10-23 09:42:00,2.95,12572.0,Germany
569416,84509A,SET OF 4 ENGLISH ROSE PLACEMATS,4,2011-10-04 10:15:00,3.75,13801.0,United Kingdom
571441,22577,WOODEN HEART CHRISTMAS SCANDINAVIAN,5,2011-10-17 13:31:00,1.63,14096.0,United Kingdom
561695,84991,60 TEATIME FAIRY CAKE CASES,24,2011-07-29 10:00:00,0.55,14005.0,United Kingdom
547712,22499,WOODEN UNION JACK BUNTING,4,2011-03-24 19:31:00,5.95,16905.0,United Kingdom
539324,22086,PAPER CHAIN KIT 50'S CHRISTMAS ,1,2010-12-16 19:51:00,2.95,14985.0,United Kingdom
567474,85014B,RED RETROSPOT UMBRELLA,2,2011-09-20 12:53:00,5.95,13448.0,United Kingdom
579147,82494L,WOODEN FRAME ANTIQUE WHITE ,1,2011-11-28 13:20:00,2.95,13263.0,United Kingdom
571219,85199L,LARGE HANGING IVORY & RED WOOD BIRD,12,2011-10-14 13:35:00,0.65,15601.0,United Kingdom
547564,82582,AREA PATROLLED METAL SIGN,24,2011-03-24 09:21:00,2.1,17512.0,United Kingdom
561205,22625,RED KITCHEN SCALES,2,2011-07-25 15:48:00,8.5,17693.0,United Kingdom
559921,22374,AIRLINE BAG VINTAGE JET SET RED,1,2011-07-13 15:42:00,4.25,13667.0,United Kingdom
556187,71459,HANGING JAM JAR T-LIGHT HOLDER,24,2011-06-09 11:49:00,0.85,15296.0,United Kingdom
551058,85175,CACTI T-LIGHT CANDLES,16,2011-04-26 12:07:00,0.42,14606.0,United Kingdom
538995,22457,NATURAL SLATE HEART CHALKBOARD ,24,2010-12-15 12:05:00,2.95,13458.0,United Kingdom
572741,23582,VINTAGE DOILY JUMBO BAG RED ,10,2011-10-25 15:47:00,2.08,14341.0,United Kingdom
560783,85035C,ROSE 3 WICK MORRIS BOX CANDLE,8,2011-07-21 10:24:00,4.25,15108.0,European Community
568428,22563,HAPPY STENCIL CRAFT,3,2011-09-27 11:27:00,1.25,14419.0,United Kingdom
566010,22659,LUNCH BOX I LOVE LONDON,1,2011-09-08 12:05:00,1.95,13700.0,United Kingdom
543008,22621,TRADITIONAL KNITTING NANCY,96,2011-02-02 13:07:00,1.25,13824.0,United Kingdom
555562,22916,HERB MARKER THYME,6,2011-06-05 14:45:00,0.65,17841.0,United Kingdom
549115,22382,LUNCH BAG SPACEBOY DESIGN ,24,2011-04-06 12:41:00,1.65,13098.0,United Kingdom
569669,22596,CHRISTMAS STAR WISH LIST CHALKBOARD,3,2011-10-05 13:47:00,1.25,14730.0,United Kingdom
571243,21328,BALLOONS  WRITING SET ,12,2011-10-14 15:26:00,1.65,14595.0,United Kingdom
579196,22629,SPACEBOY LUNCH BOX ,1,2011-11-28 15:54:00,4.13,14096.0,United Kingdom
581381,23378,PACK OF 12 50'S CHRISTMAS TISSUES,12,2011-12-08 12:54:00,0.39,16933.0,United Kingdom
536800,22960,JAM MAKING SET WITH JARS,6,2010-12-02 16:12:00,4.25,14829.0,United Kingdom
574994,84984B,RED PEONY CUSHION COVER ,6,2011-11-08 11:03:00,4.65,17870.0,United Kingdom
569897,85032C,CURIOUS IMAGES GIFT WRAP SET,1,2011-10-06 16:01:00,0.65,17813.0,United Kingdom
551134,22804,CANDLEHOLDER PINK HANGING HEART,2,2011-04-26 13:02:00,2.95,16729.0,United Kingdom
552692,21755,LOVE BUILDING BLOCK WORD,6,2011-05-10 15:19:00,5.95,13990.0,United Kingdom
554163,84192,ASSORTED COLOUR METAL CAT ,3,2011-05-23 11:52:00,1.25,14573.0,United Kingdom
559107,23205,CHARLOTTE BAG VINTAGE ALPHABET ,5,2011-07-06 11:22:00,0.85,15334.0,United Kingdom
577039,23164,REGENCY CAKE SLICE,8,2011-11-17 13:30:00,4.95,12539.0,Spain
577314,22728,ALARM CLOCK BAKELIKE PINK,4,2011-11-18 13:23:00,3.75,12444.0,Norway
559289,82494L,WOODEN FRAME ANTIQUE WHITE ,2,2011-07-07 12:22:00,2.95,15719.0,United Kingdom
557311,23300,GARDENERS KNEELING PAD CUP OF TEA ,2,2011-06-19 15:36:00,1.65,15700.0,United Kingdom
571937,16219,HOUSE SHAPE PENCIL SHARPENER,48,2011-10-20 09:28:00,0.06,14911.0,EIRE
567958,23309,SET OF 60 I LOVE LONDON CAKE CASES ,24,2011-09-23 09:00:00,0.55,12619.0,Germany
555855,21731,RED TOADSTOOL LED NIGHT LIGHT,3,2011-06-07 13:56:00,1.65,15311.0,United Kingdom
560885,22096,PINK PAISLEY SQUARE TISSUE BOX ,36,2011-07-21 16:20:00,0.39,16188.0,United Kingdom
545699,22219,LOVEBIRD HANGING DECORATION WHITE ,4,2011-03-06 14:50:00,0.85,15572.0,United Kingdom
541239,21559,STRAWBERRY LUNCH BOX WITH CUTLERY,4,2011-01-16 10:56:00,2.55,16401.0,United Kingdom
556491,22243,5 HOOK HANGER RED MAGIC TOADSTOOL,1,2011-06-12 14:15:00,1.65,16794.0,United Kingdom
536857,85049E,SCANDINAVIAN REDS RIBBONS,3,2010-12-03 10:33:00,1.25,16883.0,United Kingdom
561236,37342,POLKADOT COFFEE CUP & SAUCER PINK,24,2011-07-26 10:27:00,0.79,15159.0,United Kingdom
577058,23202,JUMBO BAG VINTAGE LEAF,3,2011-11-17 14:29:00,2.08,18122.0,United Kingdom
559477,22457,NATURAL SLATE HEART CHALKBOARD ,6,2011-07-08 13:44:00,2.95,14315.0,United Kingdom
543094,21931,JUMBO STORAGE BAG SUKI,5,2011-02-03 11:28:00,1.95,16030.0,United Kingdom
569739,22121,NOEL WOODEN BLOCK LETTERS ,3,2011-10-06 10:48:00,5.95,14911.0,EIRE
569651,20682,RED RETROSPOT CHILDRENS UMBRELLA,2,2011-10-05 12:49:00,3.25,14534.0,United Kingdom
553556,21977,PACK OF 60 PINK PAISLEY CAKE CASES,4,2011-05-17 16:48:00,0.55,17530.0,United Kingdom
540566,22090,PAPER BUNTING RETROSPOT,1,2011-01-10 10:58:00,2.95,17811.0,United Kingdom
550775,21169,YOU'RE CONFUSING ME METAL SIGN ,12,2011-04-20 13:18:00,1.69,15805.0,United Kingdom
581149,23323,WHITE WICKER STAR ,1,2011-12-07 14:12:00,2.1,15471.0,United Kingdom
542893,22722,SET OF 6 SPICE TINS PANTRY DESIGN,8,2011-02-01 13:36:00,3.95,18202.0,United Kingdom
562204,20982,12 PENCILS TALL TUBE SKULLS,1,2011-08-03 12:54:00,0.85,16324.0,United Kingdom
556184,21155,RED RETROSPOT PEG BAG,6,2011-06-09 11:39:00,2.55,16592.0,United Kingdom
553369,82482,WOODEN PICTURE FRAME WHITE FINISH,6,2011-05-16 14:30:00,2.55,15044.0,United Kingdom
539282,85123A,WHITE HANGING HEART T-LIGHT HOLDER,12,2010-12-16 15:45:00,2.95,16770.0,United Kingdom
568680,47566,PARTY BUNTING,4,2011-09-28 14:10:00,4.95,18265.0,United Kingdom
C555935,23208,LUNCH BAG VINTAGE LEAF DESIGN,-10,2011-06-08 09:14:00,1.65,12567.0,France
572327,22619,SET OF 6 SOLDIER SKITTLES,12,2011-10-24 10:08:00,3.75,15277.0,United Kingdom
577723,84989A,75 GREEN FAIRY CAKE CASES,1,2011-11-21 12:36:00,0.55,16713.0,United Kingdom
565916,23293,SET OF 12 FAIRY CAKE BAKING CASES,8,2011-09-07 16:00:00,0.83,14156.0,EIRE
580727,22547,MINI JIGSAW DINOSAUR ,1,2011-12-05 17:17:00,0.83,14096.0,United Kingdom
580908,22635,CHILDS BREAKFAST SET DOLLY GIRL ,1,2011-12-06 13:20:00,9.95,16495.0,United Kingdom
578781,22909,SET OF 20 VINTAGE CHRISTMAS NAPKINS,1,2011-11-25 11:54:00,0.85,15872.0,United Kingdom
574033,22867,HAND WARMER BIRD DESIGN,12,2011-11-02 12:44:00,2.1,16558.0,United Kingdom
549573,21175,GIN + TONIC DIET METAL SIGN,3,2011-04-10 16:01:00,2.55,14504.0,United Kingdom
556829,21209,MULTICOLOUR HONEYCOMB FAN,12,2011-06-15 10:51:00,0.39,12809.0,Portugal
557958,23292,SPACEBOY CHILDRENS CUP,8,2011-06-23 19:27:00,1.25,16161.0,United Kingdom
546003,22691,DOORMAT WELCOME SUNRISE,2,2011-03-08 15:07:00,7.95,16712.0,United Kingdom
553166,22824,3 TIER SWEETHEART GARDEN SHELF,1,2011-05-13 16:14:00,35.95,17655.0,United Kingdom
552883,23007, SPACEBOY BABY GIFT SET,6,2011-05-12 10:13:00,14.95,14646.0,Netherlands
550606,47593B,SCOTTIE DOGS BABY BIB,96,2011-04-19 12:08:00,0.39,12594.0,Italy
562593,23323,WHITE WICKER STAR ,3,2011-08-07 15:43:00,2.1,16549.0,United Kingdom
550662,21878,PACK OF 6 SANDCASTLE FLAGS ASSORTED,24,2011-04-20 09:29:00,0.85,15078.0,United Kingdom
558768,21755,LOVE BUILDING BLOCK WORD,1,2011-07-03 13:33:00,5.95,15952.0,United Kingdom
548649,21155,RED RETROSPOT PEG BAG,100,2011-04-01 13:21:00,2.1,18179.0,United Kingdom
549831,16156S,WRAP PINK FAIRY CAKES ,25,2011-04-12 13:10:00,0.42,14844.0,United Kingdom
545602,84970L,SINGLE HEART ZINC T-LIGHT HOLDER,27,2011-03-04 11:49:00,0.95,17315.0,United Kingdom
552547,22382,LUNCH BAG SPACEBOY DESIGN ,30,2011-05-10 10:34:00,1.65,13098.0,United Kingdom
567197,22423,REGENCY CAKESTAND 3 TIER,2,2011-09-19 10:10:00,12.75,14934.0,Channel Islands
573347,85032B,BLOSSOM IMAGES GIFT WRAP SET,3,2011-10-30 12:26:00,0.65,13137.0,United Kingdom
564554,84251B,"GREETING CARD, STICKY GORDON",12,2011-08-25 19:39:00,0.19,17189.0,United Kingdom
542276,22588,CARD HOLDER GINGHAM HEART,12,2011-01-27 10:19:00,2.55,12764.0,Lebanon
564967,23084,RABBIT NIGHT LIGHT,6,2011-08-31 15:13:00,2.08,17659.0,United Kingdom
553691,21211,SET OF 72 SKULL PAPER  DOILIES,1,2011-05-18 14:08:00,1.45,15311.0,United Kingdom
578521,23333,IVORY WICKER HEART MEDIUM,1,2011-11-24 14:06:00,1.25,17812.0,United Kingdom
562950,71459,HANGING JAM JAR T-LIGHT HOLDER,12,2011-08-11 09:56:00,0.85,15608.0,United Kingdom
553891,23144,ZINC T-LIGHT HOLDER STARS SMALL,144,2011-05-19 16:47:00,0.72,16839.0,United Kingdom
572290,22633,HAND WARMER UNION JACK,4,2011-10-23 12:46:00,2.1,14800.0,United Kingdom
566554,22383,LUNCH BAG SUKI DESIGN ,10,2011-09-13 11:39:00,1.65,13136.0,United Kingdom
539474,22063,CERAMIC BOWL WITH STRAWBERRY DESIGN,1,2010-12-19 14:27:00,2.95,15581.0,United Kingdom
563565,23241,TREASURE TIN GYMKHANA DESIGN,3,2011-08-17 14:22:00,2.08,17338.0,United Kingdom
547664,37340,MULTICOLOUR SPRING FLOWER MUG,12,2011-03-24 13:16:00,0.39,13069.0,United Kingdom
562841,22749,FELTCRAFT PRINCESS CHARLOTTE DOLL,4,2011-08-09 16:42:00,3.75,17675.0,United Kingdom
578850,22667,RECIPE BOX RETROSPOT ,2,2011-11-27 10:47:00,2.95,13571.0,United Kingdom
577791,21889,WOODEN BOX OF DOMINOES,12,2011-11-21 16:36:00,1.25,17100.0,United Kingdom
544301,21067,VINTAGE RED TEATIME MUG,2,2011-02-17 12:59:00,1.25,14606.0,United Kingdom
546979,21078,SET/20 STRAWBERRY PAPER NAPKINS ,96,2011-03-18 12:18:00,0.72,16256.0,United Kingdom
541244,72351B,SET/6 PINK  BUTTERFLY T-LIGHTS,2,2011-01-16 12:35:00,2.1,15535.0,United Kingdom
543161,22786,CUSHION COVER PINK UNION JACK,2,2011-02-03 17:01:00,5.95,14497.0,United Kingdom
573314,22526,WHEELBARROW FOR CHILDREN ,1,2011-10-28 17:26:00,12.75,16987.0,United Kingdom
579062,23206,LUNCH BAG APPLE DESIGN,10,2011-11-28 10:29:00,1.65,17651.0,United Kingdom
546560,21172,PARTY METAL SIGN ,50,2011-03-15 10:26:00,1.25,12931.0,United Kingdom
549577,20972,PINK CREAM FELT CRAFT TRINKET BOX ,12,2011-04-11 08:16:00,1.25,14286.0,United Kingdom
537852,82600,NO SINGING METAL SIGN,60,2010-12-08 15:56:00,1.69,17340.0,United Kingdom
559125,23292,SPACEBOY CHILDRENS CUP,8,2011-07-06 12:32:00,1.25,13985.0,United Kingdom
545523,21034,REX CASH+CARRY JUMBO SHOPPER,1,2011-03-03 12:41:00,0.95,14524.0,United Kingdom
579461,22111,SCOTTIE DOG HOT WATER BOTTLE,24,2011-11-29 14:42:00,4.25,15615.0,United Kingdom
572073,22120,WELCOME  WOODEN BLOCK LETTERS,1,2011-10-20 13:46:00,9.95,13263.0,United Kingdom
572925,23485,BOTANICAL GARDENS WALL CLOCK ,1,2011-10-27 09:18:00,25.0,12523.0,France
549121,21770,OPEN CLOSED METAL SIGN,1,2011-04-06 13:33:00,4.95,17140.0,United Kingdom
538312,21733,RED HANGING HEART T-LIGHT HOLDER,5,2010-12-10 13:48:00,2.95,16727.0,United Kingdom
559106,79321,CHILLI LIGHTS,3,2011-07-06 11:10:00,5.75,15889.0,United Kingdom
567505,37495,FAIRY CAKE BIRTHDAY CANDLE SET,4,2011-09-20 14:34:00,3.75,12352.0,Norway
570679,22493,PAINT YOUR OWN CANVAS SET,12,2011-10-11 15:26:00,1.65,17769.0,United Kingdom
C554300,82486,WOOD S/3 CABINET ANT WHITE FINISH,-1,2011-05-23 14:33:00,8.95,13455.0,United Kingdom
551527,21429,RED GINGHAM ROSE JEWELLERY BOX,1,2011-05-01 12:41:00,1.95,14395.0,United Kingdom
576880,16169E,WRAP 50'S  CHRISTMAS,25,2011-11-16 17:03:00,0.42,14911.0,EIRE
559120,22900,SET 2 TEA TOWELS I LOVE LONDON ,2,2011-07-06 12:18:00,3.25,16393.0,United Kingdom
560895,84992,72 SWEETHEART FAIRY CAKE CASES,24,2011-07-21 17:12:00,0.55,13089.0,United Kingdom
562688,22429,ENAMEL MEASURING JUG CREAM,2,2011-08-08 13:53:00,4.25,13869.0,United Kingdom
571559,23342,MINT DINER WALL CLOCK,2,2011-10-18 09:32:00,8.5,14911.0,EIRE
539217,22674,FRENCH TOILET SIGN BLUE METAL,12,2010-12-16 12:46:00,1.25,15394.0,United Kingdom
554271,47590B,PINK HAPPY BIRTHDAY BUNTING,50,2011-05-23 13:06:00,4.65,16422.0,United Kingdom
573132,21824,PAINTED METAL STAR WITH HOLLY BELLS,24,2011-10-27 16:55:00,0.39,15189.0,United Kingdom
543055,22781,GUMBALL MAGAZINE RACK,2,2011-02-03 10:41:00,7.65,12502.0,Spain
577514,23489,VINTAGE BELLS GARLAND,6,2011-11-20 13:00:00,2.89,16212.0,United Kingdom
570488,20655,QUEEN OF SKIES LUGGAGE TAG,1,2011-10-10 17:12:00,2.46,14096.0,United Kingdom
573359,21034,REX CASH+CARRY JUMBO SHOPPER,2,2011-10-30 12:48:00,0.95,14178.0,United Kingdom
572853,84030E,ENGLISH ROSE HOT WATER BOTTLE,4,2011-10-26 12:28:00,4.25,17712.0,United Kingdom
574043,22188,BLACK HEART CARD HOLDER,3,2011-11-02 13:13:00,3.95,16367.0,United Kingdom
549570,20724,RED RETROSPOT CHARLOTTE BAG,3,2011-04-10 15:19:00,0.85,17550.0,United Kingdom
537843,22778,GLASS CLOCHE SMALL,4,2010-12-08 15:16:00,3.95,15713.0,United Kingdom
562541,22189,CREAM HEART CARD HOLDER,48,2011-08-05 15:39:00,2.31,18102.0,United Kingdom
547548,84531A,PINK KNITTED EGG COSY,4,2011-03-23 15:37:00,0.39,15644.0,United Kingdom
C549051,22797,CHEST OF DRAWERS GINGHAM HEART ,-2,2011-04-06 10:17:00,16.95,14747.0,United Kingdom
543740,22262,FELT EGG COSY CHICKEN,2,2011-02-11 13:36:00,0.85,15311.0,United Kingdom
547649,22645,CERAMIC HEART FAIRY CAKE MONEY BANK,2,2011-03-24 12:02:00,1.45,18118.0,United Kingdom
562908,22173,METAL 4 HOOK HANGER FRENCH CHATEAU,32,2011-08-10 12:48:00,2.55,16839.0,United Kingdom
555731,48194,DOORMAT HEARTS,2,2011-06-07 07:49:00,7.95,16655.0,United Kingdom
571831,23080,RED METAL BOX TOP SECRET,4,2011-10-19 12:01:00,8.25,16979.0,United Kingdom
558538,23207,LUNCH BAG ALPHABET DESIGN,2,2011-06-30 12:12:00,1.65,15005.0,United Kingdom
550900,22432,WATERING CAN PINK BUNNY,12,2011-04-21 12:11:00,1.95,16553.0,United Kingdom
570288,22632,HAND WARMER RED RETROSPOT,2,2011-10-10 11:47:00,2.1,16960.0,United Kingdom
580664,21592,RETROSPOT CIGAR BOX MATCHES ,24,2011-12-05 14:03:00,0.39,15097.0,United Kingdom
572066,23240,SET OF 4 KNICK KNACK TINS DOILY ,6,2011-10-20 13:07:00,4.15,15159.0,United Kingdom
538900,21745,GAOLERS KEYS DECORATIVE GARDEN ,4,2010-12-15 09:51:00,3.75,13078.0,United Kingdom
546386,22457,NATURAL SLATE HEART CHALKBOARD ,6,2011-03-11 13:31:00,2.95,14312.0,United Kingdom
562085,23345, DOLLY GIRL BEAKER,12,2011-08-02 12:27:00,1.25,15228.0,United Kingdom
571901,22503,CABIN BAG VINTAGE PAISLEY,3,2011-10-19 14:36:00,29.95,12757.0,Portugal
546423,22760,"TRAY, BREAKFAST IN BED",1,2011-03-13 12:39:00,12.75,14502.0,United Kingdom
563216,22557,PLASTERS IN TIN VINTAGE PAISLEY ,1,2011-08-14 13:14:00,1.65,17841.0,United Kingdom
571221,23328,SET 6 SCHOOL MILK BOTTLES IN CRATE,5,2011-10-14 13:35:00,3.75,16416.0,United Kingdom
540260,85014B,RED RETROSPOT UMBRELLA,6,2011-01-06 09:40:00,5.95,13097.0,United Kingdom
565926,23311,VINTAGE CHRISTMAS STOCKING ,6,2011-09-08 10:02:00,2.55,13305.0,United Kingdom
